500,2235,48.9,115.9,61.2,0,248.9,0,517.9,長條橘瓣香草捲,Starbucks,https://www.starbucks.com.tw/home/index.jspx,20190923,一份
100,516,6.6,27.6,16.5,0,61.1,0,115.1,金幣巧克力(單片),Starbucks,https://www.starbucks.com.tw/home/index.jspx,20190923,一份
100,450,8.6,16.3,2.2,0,67.2,0,114,咖啡牛軋糖,Starbucks,https://www.starbucks.com.tw/home/index.jspx,20190923,一份
0,0,0,0,0,0,0,0,0,茶食饗宴禮盒,Starbucks,https://www.starbucks.com.tw/home/index.jspx,20190923,一份
100,423,5.2,10.4,3.0,0,77.1,0,102,蔓越莓核果牛軋糖,Starbucks,https://www.starbucks.com.tw/home/index.jspx,20190923,一份
830,3024,43.8,190.0,12.1,0,282.9,0,530.4,9吋草莓巧克力戚風蛋糕,Starbucks,https://www.starbucks.com.tw/home/index.jspx,20190923,一份
335,1548,23.7,96.1,41.8,0,147.1,0,258,星巴克經典咖啡捲,Starbucks,https://www.starbucks.com.tw/home/index.jspx,20190923,一份
500,1830,26.5,84.5,75.5,0,241.0,0,645,6吋檸檬蛋糕,Starbucks,https://www.starbucks.com.tw/home/index.jspx,20190923,一份
360,1148,23.0,60.1,26.6,0,128.9,95.8,281,長條黑森林蛋糕,Starbucks,https://www.starbucks.com.tw/home/index.jspx,20190923,一份
450,1616,29.2,99.9,46.4,0.4,149.4,96.8,220,長條咖啡巧克力松露蛋糕,Starbucks,https://www.starbucks.com.tw/home/index.jspx,20190923,一份
45,179,0.1,0,0,0,44.4,0,0,星巴克糖果禮,Starbucks,https://www.starbucks.com.tw/home/index.jspx,20190923,一份
0,0,0,0,0,0,0,0,0,星冰樂咖啡,Starbucks,https://www.starbucks.com.tw/home/index.jspx,20190923,一份
0,0,0,0,0,0,0,0,0,星冰樂摩卡,Starbucks,https://www.starbucks.com.tw/home/index.jspx,20190923,一份
0,0,0,0,0,0,0,0,0,波多氣泡礦泉水,Starbucks,https://www.starbucks.com.tw/home/index.jspx,20190923,一份
138,413,13.7,24.3,9.5,0,34.9,4.6,709,法式烤火腿三明治,Starbucks,https://www.starbucks.com.tw/home/index.jspx,20190923,一份
580,1745,21.6,119.4,75.6,0,145.8,0,462.0,6吋輕優格百香果慕斯蛋糕,Starbucks,https://www.starbucks.com.tw/home/index.jspx,20190923,一份
600,2250,27.6,148.2,111.6,0,201.0,0,592.2,6吋焦糖瑪奇朵蛋糕,Starbucks,https://www.starbucks.com.tw/home/index.jspx,20190923,一份
90,234,8.9,0.0,0.0,0,49.7,4.3,279,原味貝果,Starbucks,https://www.starbucks.com.tw/home/index.jspx,20190923,一份
230,674,10.4,38.4,22.1,0,72.0,0,131,黑糖栗子蒙布朗蛋糕,Starbucks,https://www.starbucks.com.tw/home/index.jspx,20190923,一份
80,326,6.6,15.4,10.7,0.6,40.6,10.5,337,比利時巧克力司康,Starbucks,https://www.starbucks.com.tw/home/index.jspx,20190923,一份
100,285,6.0,17.4,12.2,0.5,26.2,7.6,85,提拉米蘇千層薄餅;;中杯那堤 Caffe Latte  ,Starbucks,https://www.starbucks.com.tw/home/index.jspx,20190923,一份
240,780,15.6,16.8,9.6,0,141.6,84.6,102,6入可麗露,Starbucks,https://www.starbucks.com.tw/home/index.jspx,20190923,一份
450,1161,19.8,65.3,34.7,0,122.9,0,266,長條莓果優格慕斯蛋糕,Starbucks,https://www.starbucks.com.tw/home/index.jspx,20190923,一份
145,371,11.7,12.6,7.5,0,52.6,14.6,325,焦糖布丁麵包,Starbucks,https://www.starbucks.com.tw/home/index.jspx,20190923,一份
120,383,7.7,20,8.9,0,43,32,94,黑森林蛋糕,Starbucks,https://www.starbucks.com.tw/home/index.jspx,20190923,一份
90,364,4.7,20.3,3.9,0,40.4,17.1,339,藍莓麥芬,Starbucks,https://www.starbucks.com.tw/home/index.jspx,20190923,一份
129,131,3.7,11.0,1.6,0.0,4.4,0,307.8,有機黑鑽葡萄乾,Starbucks,https://www.starbucks.com.tw/home/index.jspx,20190923,一份
620,1420,34.7,75,42.8,0,150.7,117.8,341,六吋柚香慕斯蛋糕,Starbucks,https://www.starbucks.com.tw/home/index.jspx,20190923,一份
450,1427,21.6,88.7,56.3,0,136,77.9,333,六吋卡布奇諾蛋糕,Starbucks,https://www.starbucks.com.tw/home/index.jspx,20190923,一份
100,633,11.9,49.7,19.5,0.1,34.4,14.4,70,摩卡杏仁捲,Starbucks,https://www.starbucks.com.tw/home/index.jspx,20190923,一份
100,501,7.8,22.9,15.9,0,66,32,148,法式薄餅,Starbucks,https://www.starbucks.com.tw/home/index.jspx,20190923,一份
100,536,5.4,30.1,17.7,0.2,60.9,33.4,279,星巴克咖啡捲心酥,Starbucks,https://www.starbucks.com.tw/home/index.jspx,20190923,一份
0,0,0,0,0,0,0,0,0,啤酒肉條禮盒,Starbucks,https://www.starbucks.com.tw/home/index.jspx,20190923,一份
184,456,18.4,23.2,5.9,0,43.6,2.5,843,田園雞肉帕里尼,Starbucks,https://www.starbucks.com.tw/home/index.jspx,20190923,一份
170,423,20.6,17.3,4.6,0,46.4,1.3,833,招牌火腿起司帕里尼,Starbucks,https://www.starbucks.com.tw/home/index.jspx,20190923,一份
140,402,13.6,5.5,3.2,0,74.6,7.7,617,牛奶蜂蜜吐司,Starbucks,https://www.starbucks.com.tw/home/index.jspx,20190923,一份
158,156,1.4,12.2,2.3,0.0,10.3,0,171.9,自然農法鳳梨乾,Starbucks,https://www.starbucks.com.tw/home/index.jspx,20190923,一份
167,407,18.2,15.4,3.8,0,49.1,5,827,墨西哥風香辣三明治,Starbucks,https://www.starbucks.com.tw/home/index.jspx,20190923,一份
220,496,18.9,16.1,6.9,0,68.9,6.6,1086,經典總匯三明治,Starbucks,https://www.starbucks.com.tw/home/index.jspx,20190923,一份
650,2184,37.1,146.3,130.7,0,179.4,77.9,813,芒果乳酪夏洛特蛋糕,Starbucks,https://www.starbucks.com.tw/home/index.jspx,20190923,一份
127,135,4.2,8.5,3.4,0,10.2,9.1,117,樂活沙拉,Starbucks,https://www.starbucks.com.tw/home/index.jspx,20190923,一份
119,338,12.9,3.7,2.7,0,63.3,13.2,544,農夫麵包,Starbucks,https://www.starbucks.com.tw/home/index.jspx,20190923,一份
470,1499,30.1,78.5,34.8,0,168.3,125.0,367,黑森林蛋糕,Starbucks,https://www.starbucks.com.tw/home/index.jspx,20190923,一份
184,134,1.8,8.3,1.3,0,12.9,8.6,114,LOHAS蔬果棒,Starbucks,https://www.starbucks.com.tw/home/index.jspx,20190923,一份
105,231,11.2,8.7,2,0,27,3,415,雙菇烘蛋堡,Starbucks,https://www.starbucks.com.tw/home/index.jspx,20190923,一份
90,353,4.2,19.9,13.1,0.4,33.7,21.3,298,巧克力麥芬,Starbucks,https://www.starbucks.com.tw/home/index.jspx,20190923,一份
100,536.0,11.0,48.0,30.0,0.0,15.0,10.0,20,Starbucks 88% 黑巧克力,Starbucks,https://www.starbucks.com.tw/home/index.jspx,20190923,一份
100,467,4.1,19.7,11.3,0.1,68.4,31.5,251,比利時焦糖煎餅,Starbucks,https://www.starbucks.com.tw/home/index.jspx,20190923,一份
40,419,1.2,9.2,8.7,0,82.9,63.5,101,耶誕抱枕(牛奶糖),Starbucks,https://www.starbucks.com.tw/home/index.jspx,20190923,一份
450,1404,19.4,70.7,65.7,1.8,172.4,81.9,207,六吋檸檬塔,Starbucks,https://www.starbucks.com.tw/home/index.jspx,20190923,一份
77,383,0.6,0.4,0.2,0,94.2,67.2,2,耶誕襪水果軟糖,Starbucks,https://www.starbucks.com.tw/home/index.jspx,20190923,一份
42,523,7.3,31.3,19.9,0,53.0,38.3,31,佛羅娜巧克力,Starbucks,https://www.starbucks.com.tw/home/index.jspx,20190923,一份
45,569,11.7,38.1,24.1,0,44.8,21.8,8,77%巧克力,Starbucks,https://www.starbucks.com.tw/home/index.jspx,20190923,一份
50,455,4.7,19.1,11.9,0.0,66.0,51.4,18,橘條巧克力,Starbucks,https://www.starbucks.com.tw/home/index.jspx,20190923,一份
60,550,5.8,33.3,17.1,0,56.9,22.6,25,巧克力洋芋片,Starbucks,https://www.starbucks.com.tw/home/index.jspx,20190923,一份
120,545,4.9,31.2,18.1,0,61.1,43.7,72,耶誕花圈(榛果巧克力),Starbucks,https://www.starbucks.com.tw/home/index.jspx,20190923,一份
90,48,0.2,0,0,0,11.7,9,2,綜合果泥,Starbucks,https://www.starbucks.com.tw/home/index.jspx,20190923,一份
95,388,11.0,25.9,12.2,1,27.6,6.2,521,起司牛肉可頌,Starbucks,https://www.starbucks.com.tw/home/index.jspx,20190923,一份
163,329,20.5,11.7,3.1,0,35.5,1.8,792,香料烤雞三明治,Starbucks,https://www.starbucks.com.tw/home/index.jspx,20190923,一份
84,312,4.5,18.1,11.5,0,32.8,5,111,藍莓乳酪塔,Starbucks,https://www.starbucks.com.tw/home/index.jspx,20190923,一份
446,1597,24.1,84.7,50,0,184.6,63.3,571,6 吋藍莓乳酪塔,Starbucks,https://www.starbucks.com.tw/home/index.jspx,20190923,一份
100,288,12.6,9.5,2.7,0.0,38.0,1.8,549,乳酪燻腸巧巴達,Starbucks,https://www.starbucks.com.tw/home/index.jspx,20190923,一份
55,244,4.7,11.3,5.7,0.1,30.7,10.0,50,蔓越莓鬆餅,Starbucks,https://www.starbucks.com.tw/home/index.jspx,20190923,一份
65,215,3.1,8.0,5.3,0.1,32.5,14.6,156,蔓越莓卡士達丹麥捲,Starbucks,https://www.starbucks.com.tw/home/index.jspx,20190923,一份
107,196,5.8,8.4,2.0,0,24.2,6.7,178,地瓜堅果三明治,Starbucks,https://www.starbucks.com.tw/home/index.jspx,20190923,一份
60,528,6.1,28.5,18.1,0.1,61.9,59.6,83,星巴克金幣巧克力,Starbucks,https://www.starbucks.com.tw/home/index.jspx,20190923,一份
20,83,0.2,0.9,0.6,0.0,18.6,12.0,7,焦糖咖啡棒棒糖,Starbucks,https://www.starbucks.com.tw/home/index.jspx,20190923,一份
0,0,0,0,0,0,0,0,0,星巴克星願桶,Starbucks,https://www.starbucks.com.tw/home/index.jspx,20190923,一份
0,0,0,0,0,0,0,0,0,星巴克蝴蝶酥,Starbucks,https://www.starbucks.com.tw/home/index.jspx,20190923,一份
5,18.4,0.2,0.1,0,0,4.3,2.8,1,迷你煎蛋軟糖(香草橘子風味),Starbucks,https://www.starbucks.com.tw/home/index.jspx,20190923,一份
115,279,8.9,10.2,7.9,0,44.5,15.3,478,原味現烤鬆餅,Starbucks,https://www.starbucks.com.tw/home/index.jspx,20190923,一份
170,83,0.8,0.2,0.0,0.0,19.9,15.3,10,樂活水果杯,Starbucks,https://www.starbucks.com.tw/home/index.jspx,20190923,一份
175,351,21,6.3,3.5,0,52.3,0,651,法式芥茉雞肉三明治,Starbucks,https://www.starbucks.com.tw/home/index.jspx,20190923,一份
90,319,10.2,18.7,12.7,0.3,27.4,9.9,202,香草蘋果巧酥,Starbucks,https://www.starbucks.com.tw/home/index.jspx,20190923,一份
100,250,9.5,9.7,2.5,0,31.4,8.2,293,黑麥鮪魚三明治,Starbucks,https://www.starbucks.com.tw/home/index.jspx,20190923,一份
95,51,1.2,0.8,0.2,0,9.9,8,21,萵苣鮮沙拉,Starbucks,https://www.starbucks.com.tw/home/index.jspx,20190923,一份
171,328,12.5,12.5,2.6,0,41.6,0,833,炸雞青蔬捲餅,Starbucks,https://www.starbucks.com.tw/home/index.jspx,20190923,一份
120,327,8.5,7.3,4.6,0.1,56.6,11.2,528,蔓越莓乳酪麵包,Starbucks,https://www.starbucks.com.tw/home/index.jspx,20190923,一份
100,458,6.4,29.9,9.0,0.3,40.8,21.2,454,黑巧克力乳酪麥芬,Starbucks,https://www.starbucks.com.tw/home/index.jspx,20190923,一份
120,312,9.1,7.0,4.7,0,53.3,12.8,385,葡萄乾起司貝果,Starbucks,https://www.starbucks.com.tw/home/index.jspx,20190923,一份
60,304,5.2,17.3,9.4,0.1,31.9,11.9,202,三重奏餅乾,Starbucks,https://www.starbucks.com.tw/home/index.jspx,20190923,一份
5,18.0,0.3,0.1,0,0,4.0,2.5,1,QQ熊軟糖(零錢包),Starbucks,https://www.starbucks.com.tw/home/index.jspx,20190923,一份
0.9,4,0.01,0.01,0.01,0,0.9,0.0,0,星巴克薄荷糖(檸檬萊姆風味),Starbucks,https://www.starbucks.com.tw/home/index.jspx,20190923,一份
36,170,3.8,6.0,3.0,0,24.9,2.4,34,巧克力義大利脆餅,Starbucks,https://www.starbucks.com.tw/home/index.jspx,20190923,一份
36,171,3.7,6.0,2.9,0,25.6,3.5,35,焦糖義大利脆餅,Starbucks,https://www.starbucks.com.tw/home/index.jspx,20190923,一份
600,1584,27.0,72.6,36.6,1.2,205.2,78.0,330,6吋紫薯蒙布朗薄餅,Starbucks,https://www.starbucks.com.tw/home/index.jspx,20190923,一份
650,2041,37.1,147.6,59.8,2.0,141.7,107.3,358,6吋草莓布蕾蛋糕,Starbucks,https://www.starbucks.com.tw/home/index.jspx,20190923,一份
500,1345,24.0,81.0,71.5,0,130,89.5,510,六吋提拉米蘇,Starbucks,https://www.starbucks.com.tw/home/index.jspx,20190923,一份
155,332,20.0,10.7,2.6,0.0,38.8,4.6,761,照燒雞肉三明治,Starbucks,https://www.starbucks.com.tw/home/index.jspx,20190923,一份
550,1700,27.5,96.3,52.8,0.6,181,104,385,長條黑糖栗子蒙布朗,Starbucks,https://www.starbucks.com.tw/home/index.jspx,20190923,一份
120,240,11.3,5.4,1.3,0.0,36.6,2.8,1199,辣雞起司薄餅,Starbucks,https://www.starbucks.com.tw/home/index.jspx,20190923,一份
184,339,10.9,15.5,3.1,0.0,39.2,0.0,605,青蔬沙拉米捲餅,Starbucks,https://www.starbucks.com.tw/home/index.jspx,20190923,一份
95,263,3.1,11.2,6.1,0.1,37.1,18.8,28,法式藍莓塔,Starbucks,https://www.starbucks.com.tw/home/index.jspx,20190923,一份
100,396,3.0,4.5,1.4,0,85.9,48.3,135,酸口味軟糖(草莓風味),Starbucks,https://www.starbucks.com.tw/home/index.jspx,20190923,一份
79.2,493,4.7,20.3,16.4,0,72.8,33.2,195,草莓巧克酥捲,Starbucks,https://www.starbucks.com.tw/home/index.jspx,20190923,一份
100,402,12.2,27.4,13.1,1,26.7,4.3,557,起司里肌可頌,Starbucks,https://www.starbucks.com.tw/home/index.jspx,20190923,一份
80,240,6.0,16.7,10.0,0.2,16.3,6.6,35,法式千層薄餅,Starbucks,https://www.starbucks.com.tw/home/index.jspx,20190923,一份
100,264,3.8,7.8,1.9,0.0,44.7,2.8,441,火腿蛋沙拉三明治,Starbucks,https://www.starbucks.com.tw/home/index.jspx,20190923,一份
195,443,29.6,14.0,7.4,0.2,49.3,2.0,764,松露魚排堡,Starbucks,https://www.starbucks.com.tw/home/index.jspx,20190923,一份
75,326,7,19,10,0,32,12,260,杏仁可頌,Starbucks,https://www.starbucks.com.tw/home/index.jspx,20190923,一份
68,221,5,14.3,7.5,0.0,18.4,11.6,58,蜂蜜蛋糕捲,Starbucks,https://www.starbucks.com.tw/home/index.jspx,20190923,一份
95,218,4.1,10.1,4.9,0.0,27.6,18.0,48,芒果戚風蛋糕,Starbucks,https://www.starbucks.com.tw/home/index.jspx,20190923,一份
20,92.8,1.4,2.9,2.3,0,15.3,10.4,28,星冰樂捲心棒,Starbucks,https://www.starbucks.com.tw/home/index.jspx,20190923,一份
650,2022,42.3,126.8,71.0,2.0,177.5,57.2,520,6吋提拉米蘇千層薄餅,Starbucks,https://www.starbucks.com.tw/home/index.jspx,20190923,一份
340,1105,24.1,71.1,37.7,0,92.1,57.8,289,長條蜂蜜蛋糕捲,Starbucks,https://www.starbucks.com.tw/home/index.jspx,20190923,一份
120,257,14.4,9.2,3.0,0,29.0,0,461,美式培根蛋堡,Starbucks,https://www.starbucks.com.tw/home/index.jspx,20190923,一份
140,336,9.9,19.6,14.3,0.0,29.8,16.1,200,星巴克輕乳蛋糕,Starbucks,https://www.starbucks.com.tw/home/index.jspx,20190923,一份
130,103,3.4,4.0,2.6,0.0,13.3,9.2,45,藍莓果漿優格,Starbucks,https://www.starbucks.com.tw/home/index.jspx,20190923,一份
149,84,1.0,0.3,0.0,0.0,19.2,0.0,10,雙果巧拼,Starbucks,https://www.starbucks.com.tw/home/index.jspx,20190923,一份
160,445,17.0,23,12,0,42,5,856,雞肉可頌堡,Starbucks,https://www.starbucks.com.tw/home/index.jspx,20190923,一份
145,287,9.7,12.9,1.7,0.0,32.9,1.3,637,歐姆蛋嫩雞捲餅,Starbucks,https://www.starbucks.com.tw/home/index.jspx,20190923,一份
140,413,13.2,23.5,14.6,0.0,37.1,3.1,641,迷迭香雞肉可頌三明治,Starbucks,https://www.starbucks.com.tw/home/index.jspx,20190923,一份
100,252,8.1,15.1,6.9,0.0,21.0,4.2,375,義式臘腸烘蛋派,Starbucks,https://www.starbucks.com.tw/home/index.jspx,20190923,一份
210,252,6.7,14.7,1.7,0.0,23.5,4.4,519,凱薩雞肉藜麥沙拉,Starbucks,https://www.starbucks.com.tw/home/index.jspx,20190923,一份
85,278,6.9,16.6,9.0,0.2,25.3,7.6,52,抹茶千層薄餅,Starbucks,https://www.starbucks.com.tw/home/index.jspx,20190923,一份
150,416,17.9,20.3,11.4,0.0,40.5,4.2,768,焗烤法國先生三明治,Starbucks,https://www.starbucks.com.tw/home/index.jspx,20190923,一份
120,346,13.9,12.8,4.7,0,43.6,1.8,697,艾曼達乾酪里肌三明治,Starbucks,https://www.starbucks.com.tw/home/index.jspx,20190923,一份
90,293,3.9,16.6,10.3,0.3,32.2,9.2,264,南瓜派,Starbucks,https://www.starbucks.com.tw/home/index.jspx,20190923,一份
65,215,3.1,8.0,5.3,0,32.5,14.6,156,蔓越莓卡士達丹麥捲,Starbucks,https://www.starbucks.com.tw/home/index.jspx,20190923,一份
220,286,8.8,9.7,3.7,0,40.9,20.5,103,莓果燕麥優格,Starbucks,https://www.starbucks.com.tw/home/index.jspx,20190923,一份
120,353,4.2,0.6,0,0,82.7,55.9,23,萬聖節綜合水果風味軟糖,Starbucks,https://www.starbucks.com.tw/home/index.jspx,20190923,一份
85,252,4.6,16.1,6.9,0,22.2,9.7,94,芋泥派,Starbucks,https://www.starbucks.com.tw/home/index.jspx,20190923,一份
105,294,4.2,18.5,11.7,0.0,27.7,12.6,51,紫薯蒙布朗薄餅,Starbucks,https://www.starbucks.com.tw/home/index.jspx,20190923,一份
650,1970,38.4,104.7,69.6,1.3,219.7,115.1,377,6吋抹茶千層薄餅,Starbucks,https://www.starbucks.com.tw/home/index.jspx,20190923,一份
680,2013,36.7,128.5,55.1,0,177.5,77.5,748,9吋芋泥派,Starbucks,https://www.starbucks.com.tw/home/index.jspx,20190923,一份
85,423,6.9,29.1,16.1,0,33.6,4.9,161,國王派,Starbucks,https://www.starbucks.com.tw/home/index.jspx,20190923,一份
420,1546,27,64.3,33.6,1.7,214.2,91.6,655,潘娜朵尼水果麵包,Starbucks,https://www.starbucks.com.tw/home/index.jspx,20190923,一份
80,278,7.3,11,5.7,0,36.6,9.1,238,巧克力樹幹麵包,Starbucks,https://www.starbucks.com.tw/home/index.jspx,20190923,一份
190,376,19.6,12.9,4.9,0,45.6,4.2,781,青醬牛肉佛卡夏,Starbucks,https://www.starbucks.com.tw/home/index.jspx,20190923,一份
45,189,2.8,11.5,7.7,0.2,18.5,12.6,86,橙香起司布朗尼,Starbucks,https://www.starbucks.com.tw/home/index.jspx,20190923,一份
150,570,8.3,30.9,18.5,0.2,64.8,27.6,75,蒙布朗聖諾黑,Starbucks,https://www.starbucks.com.tw/home/index.jspx,20190923,一份
90,274,6.9,15.9,9.4,0.2,25.7,7.5,57,繽紛耶誕薄餅,Starbucks,https://www.starbucks.com.tw/home/index.jspx,20190923,一份
80,288,4.9,17.1,8.7,0.4,28.6,14.2,130,爐烤檸檬起士塔,Starbucks,https://www.starbucks.com.tw/home/index.jspx,20190923,一份
65,200,4.7,11.4,6.7,0.1,19.6,10.8,66,經典奶油捲,Starbucks,https://www.starbucks.com.tw/home/index.jspx,20190923,一份
330,1013,23.8,57.8,34,0,99.7,54.8,337,長條經典奶油捲,Starbucks,https://www.starbucks.com.tw/home/index.jspx,20190923,一份
200,696,18.2,28.6,14.2,0,91.6,22.8,594,長條巧克力樹幹麵包,Starbucks,https://www.starbucks.com.tw/home/index.jspx,20190923,一份
100,418,3.3,13.2,8.1,0.0,71.4,43.3,8,草莓巧克力,Starbucks,https://www.starbucks.com.tw/home/index.jspx,20190923,一份
80,430,4.6,14.4,8.9,0.0,70.5,51.6,13,椰棗巧克力,Starbucks,https://www.starbucks.com.tw/home/index.jspx,20190923,一份
100,399,0.2,0.0,0.0,0.0,99.6,69.2,4,星巴克糖果罐,Starbucks,https://www.starbucks.com.tw/home/index.jspx,20190923,一份
100,126,1.6,5.7,3.7,0,17.2,10.8,65,啤酒巧克力,Starbucks,https://www.starbucks.com.tw/home/index.jspx,20190923,一份
100,506,6.3,22.9,14.9,0.1,68.6,43.1,261,三色巧克力餅乾,Starbucks,https://www.starbucks.com.tw/home/index.jspx,20190923,一份
100,336,5.1,0.0,0.0,0.0,78.9,47.7,15,松露造型水果軟糖,Starbucks,https://www.starbucks.com.tw/home/index.jspx,20190923,一份
110,356,3.9,0.8,0,0,83.4,52.3,75,耶誕雪人棉花糖,Starbucks,https://www.starbucks.com.tw/home/index.jspx,20190923,一份
40,519,5.1,28.8,2.4,0,58.6,1.2,560,波滋洋芋片西班牙臘腸,Starbucks,https://www.starbucks.com.tw/home/index.jspx,20190923,一份
40,730.4,18.3,69.2,6.7,0,8.6,2.1,15,原味核桃,Starbucks,https://www.starbucks.com.tw/home/index.jspx,20190923,一份
120,363,4.1,1.4,0,0,83.4,45.4,15,耶誕日曆軟糖,Starbucks,https://www.starbucks.com.tw/home/index.jspx,20190923,一份
22.5,400,0.4,0.8,0.8,0,97.7,0,1,星巴克薄荷糖(紅石榴綠茶風味),Starbucks,https://www.starbucks.com.tw/home/index.jspx,20190923,一份
12.5,406,2.5,13.2,7.8,0.0,69.4,64.9,4,啤酒巧克力,Starbucks,https://www.starbucks.com.tw/home/index.jspx,20190923,一份
135,359.0,6.5,1.8,0,0,79.1,50.1,13,QQ熊軟糖,Starbucks,https://www.starbucks.com.tw/home/index.jspx,20190923,一份
145,478,17.1,24.4,14.0,0,47.6,6.2,706,蔓越莓菠菜雞肉可頌堡,Starbucks,https://www.starbucks.com.tw/home/index.jspx,20190923,一份
90,253,7.7,17.1,11.0,0.2,17.1,1.7,381,菠菜洋菇鹹派,Starbucks,https://www.starbucks.com.tw/home/index.jspx,20190923,一份
120,324,12.5,13.9,4.9,0.0,37.2,2.8,690,泰式風味豬肉帕里尼,Starbucks,https://www.starbucks.com.tw/home/index.jspx,20190923,一份
165,396,18.0,11.2,6.2,0.2,55.6,4.3,855,洋蔥牛肉薄餅,Starbucks,https://www.starbucks.com.tw/home/index.jspx,20190923,一份
55,211,3.7,14.7,8.2,0.3,16.1,6.8,86,乳酪塔,Starbucks,https://www.starbucks.com.tw/home/index.jspx,20190923,一份
55,220,4.7,9.7,6.5,0.2,28.5,8.2,266,巧克力橘丁司康,Starbucks,https://www.starbucks.com.tw/home/index.jspx,20190923,一份
100,257,3.7,17.8,9.7,0.1,20.5,13.8,36,草莓戚風蛋糕,Starbucks,https://www.starbucks.com.tw/home/index.jspx,20190923,一份
100,277,5.7,18.9,10.3,0.1,21.0,13.7,47,抹茶草莓捲,Starbucks,https://www.starbucks.com.tw/home/index.jspx,20190923,一份
110,356,4.7,21.5,14.9,0.2,36.0,15.7,30,草莓塔,Starbucks,https://www.starbucks.com.tw/home/index.jspx,20190923,一份
95,403,6.2,26.6,19.9,0.3,34.7,21.8,111,岩漿巧克力蛋糕,Starbucks,https://www.starbucks.com.tw/home/index.jspx,20190923,一份
130,103,3.2,3.4,2,0.0,14.8,9.0,42,草莓果漿優格,Starbucks,https://www.starbucks.com.tw/home/index.jspx,20190923,一份
79.2,493,4.7,20.3,16.4,0,72.8,33.2,195,星巴克星願桶,Starbucks,https://www.starbucks.com.tw/home/index.jspx,20190923,一份
165,294,13.0,10.9,5.0,0.2,36.0,7.9,741,燒肉起司堡,Starbucks,https://www.starbucks.com.tw/home/index.jspx,20190923,一份
220,449,9.9,26.4,2.4,0.0,42.9,3.3,640,青醬鮮蔬蝴蝶冷麵,Starbucks,https://www.starbucks.com.tw/home/index.jspx,20190923,一份
280,294,16.8,4.2,0.0,0.0,47.3,7.8,890,泰式酸辣雞肉冷麵,Starbucks,https://www.starbucks.com.tw/home/index.jspx,20190923,一份
220,282,10.8,16.1,2.0,0.0,23.5,10.6,326,馬鈴薯炒蛋罐沙拉,Starbucks,https://www.starbucks.com.tw/home/index.jspx,20190923,一份
105,391,9.1,14.9,7.6,0,55.0,20.8,173,肉桂捲,Starbucks,https://www.starbucks.com.tw/home/index.jspx,20190923,一份
40,332,4.1,0.4,0,0,78,46.9,31,櫻花提袋禮(草莓風味棉花糖),Starbucks,https://www.starbucks.com.tw/home/index.jspx,20190923,一份
40,432.5,18.5,14.9,1.8,0,56.1,3.0,458,星巴克五穀堅果棒(海苔藜麥),Starbucks,https://www.starbucks.com.tw/home/index.jspx,20190923,一份
85,256,7,16.2,8.6,0.2,20.6,15,94,可可輕乳蛋糕,Starbucks,https://www.starbucks.com.tw/home/index.jspx,20190923,一份
90,314,5.6,19.3,10.2,0.3,29.7,15.2,77,蘋果派,Starbucks,https://www.starbucks.com.tw/home/index.jspx,20190923,一份
40,363,4.1,1.4,0,0,83.4,45.4,15,周年慶零錢包,Starbucks,https://www.starbucks.com.tw/home/index.jspx,20190923,一份
105,266,4.3,17.0,11.8,0.1,23.8,9.2,44,芋泥布丁薄餅,Starbucks,https://www.starbucks.com.tw/home/index.jspx,20190923,一份
90,227,4.9,12.8,8.3,0.1,23.0,20.3,52,蘋果白桃慕斯,Starbucks,https://www.starbucks.com.tw/home/index.jspx,20190923,一份
90,338,5.2,22.7,14.9,0.4,28.2,14.0,97,提拉米蘇;;中杯那堤 Caff é Latte,Starbucks,https://www.starbucks.com.tw/home/index.jspx,20190923,一份
70,256,3.9,17.4,10.9,0,21.0,13.7,69,抹茶乳酪蛋糕,Starbucks,https://www.starbucks.com.tw/home/index.jspx,20190923,一份
185,361,12.0,11.7,3.7,0.0,51.8,1.5,740,松子香椿菇堡,Starbucks,https://www.starbucks.com.tw/home/index.jspx,20190923,一份
140,349,15.1,13.2,3.8,0.0,42.3,3.6,479,鮮蔬魚排三明治,Starbucks,https://www.starbucks.com.tw/home/index.jspx,20190923,一份
650,1638,35.1,92.3,59.8,0.6,166.4,146.9,377,6吋蘋果白桃慕斯,Starbucks,https://www.starbucks.com.tw/home/index.jspx,20190923,一份
650,1644,26.6,105.3,72.8,0.6,147.6,57.2,273,6吋芋泥布丁薄餅,Starbucks,https://www.starbucks.com.tw/home/index.jspx,20190923,一份
450,1620,24.3,112.0,71.1,0,128.0,86.0,414,6吋抹茶乳酪蛋糕,Starbucks,https://www.starbucks.com.tw/home/index.jspx,20190923,一份
500,1876,29.0,126.0,83.0,2.3,156.5,78.0,540,6吋提拉米蘇,Starbucks,https://www.starbucks.com.tw/home/index.jspx,20190923,一份
560,1683,45.9,106.4,56.6,1.1,135.5,98.6,622,6吋可可輕乳蛋糕,Starbucks,https://www.starbucks.com.tw/home/index.jspx,20190923,一份
300,73.2,2.1,0,0,0,16.2,15,176,紅色蔬菜綜合果汁,Starbucks,https://www.starbucks.com.tw/home/index.jspx,20190923,一份
50,261.0,2.5,3.8,0.8,0,54.3,19.7,23,夏日都會星冰粽禮盒(6入),Starbucks,https://www.starbucks.com.tw/home/index.jspx,20190923,一份
50,261,2.5,3.8,0.8,0,54.3,19.7,23,夏日沁涼星冰粽禮盒(12入),Starbucks,https://www.starbucks.com.tw/home/index.jspx,20190923,一份
230,202,5.0,7.0,1.0,0.0,29.7,12.7,65,莓果優格燕麥禮盒,Starbucks,https://www.starbucks.com.tw/home/index.jspx,20190923,一份
130,422,14.7,25.2,12.3,0,34.2,4.3,628,培根蛋起司可頌堡,Starbucks,https://www.starbucks.com.tw/home/index.jspx,20190923,一份
79,373,6.7,20.9,1.4,0,39.5,13.8,230,甜心菠蘿可頌,Starbucks,https://www.starbucks.com.tw/home/index.jspx,20190923,一份
150,431,19,23.4,7.2,0,36.2,3.9,784,BBQ雞肉薄餅,Starbucks,https://www.starbucks.com.tw/home/index.jspx,20190923,一份
145,287,9.7,12.9,1.7,0,32.9,1.3,637,歐姆蛋嫩雞捲餅,Starbucks,https://www.starbucks.com.tw/home/index.jspx,20190923,一份
55,168,3.6,9.7,4.3,0,16.5,9.7,112,伯爵大人戚風蛋糕,Starbucks,https://www.starbucks.com.tw/home/index.jspx,20190923,一份
1,1,11,1,1,1,1,1,1,培根蛋起司可頌堡;;中杯那堤 Caffe Latte,Starbucks,https://www.starbucks.com.tw/home/index.jspx,20190923,一份
111,111,11,11,11,11,11,11,11,BBQ 雞肉薄餅;;中杯那堤 Caff é Latte,Starbucks,https://www.starbucks.com.tw/home/index.jspx,20190923,一份
111,111,111,111,111,111,111,111,111,單球草莓覆盆莓冰淇淋 4 oz,Starbucks,https://www.starbucks.com.tw/home/index.jspx,20190923,一份
140,349,15.1,13.2,3.8,0,42.3,3.6,479,鮮蔬魚排三明治;;紅色蔬菜綜合果汁 Ruby Red,Starbucks,https://www.starbucks.com.tw/home/index.jspx,20190923,一份
185,361,12.0,11.7,3.7,0,51.8,1.5,740,松子香椿菇堡;;中杯那堤 Caff é Latte,Starbucks,https://www.starbucks.com.tw/home/index.jspx,20190923,一份
280,294,16.8,4.2,0,0,47.3,8.8,890,泰式酸辣雞肉冷麵;;中杯那堤 Caff é Latte,Starbucks,https://www.starbucks.com.tw/home/index.jspx,20190923,一份
220,449,9.9,26.4,2.4,0,42.9,3.3,640,青醬鮮蔬蝴蝶冷麵;;中杯那堤 Caff é Latte,Starbucks,https://www.starbucks.com.tw/home/index.jspx,20190923,一份
85,278,6.9,16.6,9.0,0.2,25.3,7.6,52,抹茶千層薄餅;;中杯那堤 Caff é Latte,Starbucks,https://www.starbucks.com.tw/home/index.jspx,20190923,一份
95,218,4.1,10.1,4.9,0,27.6,18.0,48,芒果戚風蛋糕;;中杯那堤 Caff é Latte,Starbucks,https://www.starbucks.com.tw/home/index.jspx,20190923,一份
90,338,5.2,22.7,14.9,0.4,28.2,14.0,97,提拉米蘇;;中杯那堤 Caff é Latte,Starbucks,https://www.starbucks.com.tw/home/index.jspx,20190923,一份
100,285,6,17.4,12.2,0.5,26.2,7.6,85,提拉米蘇千層薄餅;;中杯那堤 Caff é Latte,Starbucks,https://www.starbucks.com.tw/home/index.jspx,20190923,一份
500,1625,26,118.5,81.0,1.0,113.5,64.0,240,六吋抹茶芝麻薄餅,Starbucks,https://www.starbucks.com.tw/home/index.jspx,20190923,一份
460,1720,211,103.5,59.8,2.1,167.0,88.0,106,六吋奶酒那堤布蕾塔,Starbucks,https://www.starbucks.com.tw/home/index.jspx,20190923,一份
540,1191,21.6,86.1,56.1,1.8,81.9,69.0,201,星巴克綜合布丁,Starbucks,https://www.starbucks.com.tw/home/index.jspx,20190923,一份
68,260,4.5,15.2,2.1,0.0,26.2,11.1,220,荷蘭風味小鬆餅,Starbucks,https://www.starbucks.com.tw/home/index.jspx,20190923,一份
50,188,4.4,11.6,4.2,0.1,16.6,8.8,128,爐烤起司蛋糕,Starbucks,https://www.starbucks.com.tw/home/index.jspx,20190923,一份
80,260,4.2,19,13,0.2,18.2,10.2,38,抹茶芝麻薄餅;;中杯那堤 Caff é Latte,Starbucks,https://www.starbucks.com.tw/home/index.jspx,20190923,一份
55,168,3.6,9.7,4.3,0,16.5,9.7,112,伯爵大人戚風蛋糕;;中杯那堤 Caff é Latte,Starbucks,https://www.starbucks.com.tw/home/index.jspx,20190923,一份
160,389,18.2,21,5.3,0.1,31.8,8.8,626,黑布里歐漢堡排堡,Starbucks,https://www.starbucks.com.tw/home/index.jspx,20190923,一份
175,346,11.7,15.6,4.2,0,39.7,1.6,670,韓式泡菜豬肉捲餅,Starbucks,https://www.starbucks.com.tw/home/index.jspx,20190923,一份
120,348,10.9,13.1,6.4,0.1,46.7,5.2,534,起司核桃麵包,Starbucks,https://www.starbucks.com.tw/home/index.jspx,20190923,一份
85,240,7.7,4.1,1.8,0,43.1,12.5,271,葡萄吐司,Starbucks,https://www.starbucks.com.tw/home/index.jspx,20190923,一份
200,240,6.4,14,1.6,0,22.2,4.2,494,凱薩雞肉藜麥沙拉,Starbucks,https://www.starbucks.com.tw/home/index.jspx,20190923,一份
60,321,5.3,18.0,5.8,0,34.4,20.7,105,杏仁手工餅乾,Starbucks,https://www.starbucks.com.tw/home/index.jspx,20190923,一份
90,203,3.4,15.0,9.9,0.4,13.3,11.6,24,原味布丁,Starbucks,https://www.starbucks.com.tw/home/index.jspx,20190923,一份
90,194,3.8,13.7,8.8,0.2,14,11.4,43,抹茶布丁,Starbucks,https://www.starbucks.com.tw/home/index.jspx,20190923,一份
80,260,4.2,19,13,0.2,18.2,10.2,38,抹茶芝麻薄餅,Starbucks,https://www.starbucks.com.tw/home/index.jspx,20190923,一份
70,262,4.1,15.8,9.1,0.3,25.8,13.5,106,奶酒那堤布蕾塔,Starbucks,https://www.starbucks.com.tw/home/index.jspx,20190923,一份
130,106,3.2,3.6,2.3,0,15.1,11.4,47,櫻桃藍莓果漿優格,Starbucks,https://www.starbucks.com.tw/home/index.jspx,20190923,一份
0,0,0,0,0,0,0,0,0,月光寶盒 ,Starbucks,https://www.starbucks.com.tw/home/index.jspx,20190923,一份
0,0,0,0,0,0,0,0,0,月光風華 ,Starbucks,https://www.starbucks.com.tw/home/index.jspx,20190923,一份
50,222,4.0,13.3,9.3,0.2,21.6,3.2,157,法式原味可頌,Starbucks,https://www.starbucks.com.tw/home/index.jspx,20190923,一份
0,0,0,0,0,0,0,0,0,月光花園 ,Starbucks,https://www.starbucks.com.tw/home/index.jspx,20190923,一份
0,0,0,0,0,0,0,0,0,月光小夜曲,Starbucks,https://www.starbucks.com.tw/home/index.jspx,20190923,一份
0,0,0,0,0,0,0,0,0,夾心蛋糕禮盒 ,Starbucks,https://www.starbucks.com.tw/home/index.jspx,20190923,一份
0,0,0,0,0,0,0,0,0,月光樂園   ,Starbucks,https://www.starbucks.com.tw/home/index.jspx,20190923,一份
520,1903,27.0,116.0,64.5,0.0,187.7,126.4,322,六吋咖啡巧克力松露蛋糕,Starbucks,https://www.starbucks.com.tw/home/index.jspx,20190923,一份
45,184,2.9,7.1,3.7,0.0,27.2,18.6,71,糖霜檸檬蛋糕Bar,Starbucks,https://www.starbucks.com.tw/home/index.jspx,20190923,一份
60,315,4.9,18.1,7.9,0.2,33.2,12.3,137,蔓越莓手工餅乾,Starbucks,https://www.starbucks.com.tw/home/index.jspx,20190923,一份
40,255,3.6,15.3,10.9,0.2,25.7,9.7,201,蘭姆葡萄千層派,Starbucks,https://www.starbucks.com.tw/home/index.jspx,20190923,一份
1,1,1,1,1,1,1,1,1,黑可可起司麥芬,Starbucks,https://www.starbucks.com.tw/home/index.jspx,20190923,一份
65,224,4.2,9.3,5.4,0,30.8,10.1,226,美式奶油鬆餅(附鮮奶油與摩卡醬),Starbucks,https://www.starbucks.com.tw/home/index.jspx,20190923,一份
100,343.3,4.1,1.3,0.0,0.0,78.8,60.3,48,萬聖節棉花糖,Starbucks,https://www.starbucks.com.tw/home/index.jspx,20190923,一份
0,0,0,0,0,0,0,0,0,茶瓦納洋甘菊花草茶,Starbucks,https://www.starbucks.com.tw/home/index.jspx,20190923,一份
0,0,0,0,0,0,0,0,0,茶瓦納英式紅茶,Starbucks,https://www.starbucks.com.tw/home/index.jspx,20190923,一份
95,273,9.4,4.9,2.7,0.0,47.6,8.3,462,軟法麵包,Starbucks,https://www.starbucks.com.tw/home/index.jspx,20190923,一份
45,256,5.3,17.2,10.8,0.0,20.2,9.8,4,77%巧克力,Starbucks,https://www.starbucks.com.tw/home/index.jspx,20190923,一份
42,220,3.1,13.2,8.4,0.0,22.3,16.1,13,佛羅娜咖啡巧克力,Starbucks,https://www.starbucks.com.tw/home/index.jspx,20190923,一份
50,428,3.7,11.4,7.8,0.2,77.7,46.0,468,焦糖軟糖,Starbucks,https://www.starbucks.com.tw/home/index.jspx,20190923,一份
100,525,5.3,28.3,17.4,0.4,62.3,31.7,221,香草夾心餅乾,Starbucks,https://www.starbucks.com.tw/home/index.jspx,20190923,一份
75,356,3.9,0.8,0,0,83.4,52.3,75,耶誕雪人棉花糖,Starbucks,https://www.starbucks.com.tw/home/index.jspx,20190923,一份
120,531,5.6,30.3,19.2,0.0,59.0,39.1,122,雪茄巧克捲,Starbucks,https://www.starbucks.com.tw/home/index.jspx,20190923,一份
140,372,15.3,14.6,6.6,0,45.1,3.4,693,法式牛肉三明治,Starbucks,https://www.starbucks.com.tw/home/index.jspx,20190923,一份
85,355,5.9,17.4,9.4,0.2,43.7,15.1,187,焦糖丹麥麵包,Starbucks,https://www.starbucks.com.tw/home/index.jspx,20190923,一份
85,322,4.7,19.6,10.3,0.1,32,13.8,43,德式烤布蕾,Starbucks,https://www.starbucks.com.tw/home/index.jspx,20190923,一份
120,367,4.1,18.5,12.6,0.2,46.1,19.3,26,蒙布朗栗子塔,Starbucks,https://www.starbucks.com.tw/home/index.jspx,20190923,一份
200,718,7.6,56.4,23.0,0.9,45.0,28.6,430,藍莓起司蛋糕,Starbucks,https://www.starbucks.com.tw/home/index.jspx,20190923,一份
90,218,3.7,16.5,10.5,0.4,13.6,12.2,34,巧克力布丁,Starbucks,https://www.starbucks.com.tw/home/index.jspx,20190923,一份
100,345,5.8,22.8,15.7,0.4,29.2,17.1,105,鹽味焦糖脆脆捲,Starbucks,https://www.starbucks.com.tw/home/index.jspx,20190923,一份
330,1379,22.8,67.7,36.3,0.7,169.6,58.7,726,焦糖丹麥禮物包,Starbucks,https://www.starbucks.com.tw/home/index.jspx,20190923,一份
540,1263,21.3,94.5,61.2,2.4,80.7,71.4,174,星巴克綜合布丁,Starbucks,https://www.starbucks.com.tw/home/index.jspx,20190923,一份
65,283,3.8,18.5,11.7,0.1,25.4,14.3,166,焦糖海鹽可可塔,Starbucks,https://www.starbucks.com.tw/home/index.jspx,20190923,一份
100,351,4.7,27.7,17.1,0.4,20.6,10.2,41,經典千層薄餅(含白蘭地),Starbucks,https://www.starbucks.com.tw/home/index.jspx,20190923,一份
48,274,5.0,19.6,10.7,0.1,19.4,10.5,144,星巴克餅乾咖啡 (含一份典藏濃縮與甜香草籽奶油),Starbucks,https://www.starbucks.com.tw/home/index.jspx,20190923,一份
270,311,14.6,10.8,1.1,0,38.9,2.4,516,香料烤雞溫野菜,Starbucks,https://www.starbucks.com.tw/home/index.jspx,20190923,一份
75,203,7.9,1.7,0.5,0,39.0,1.7,231,香料橄欖麵包,Starbucks,https://www.starbucks.com.tw/home/index.jspx,20190923,一份
80,605,12.6,43.9,16.0,0,39.8,12.3,99,耶誕白巧克力杏仁捲,Starbucks,https://www.starbucks.com.tw/home/index.jspx,20190923,一份
130,403,5.9,26.9,14.4,0.0,34.4,25.4,104,草莓巧克力蛋糕,Starbucks,https://www.starbucks.com.tw/home/index.jspx,20190923,一份
120,283,4.2,20.6,12,0.2,20.3,11.6,42,繽紛水果薄餅,Starbucks,https://www.starbucks.com.tw/home/index.jspx,20190923,一份
90,203,3.4,15,9.9,0.4,13.3,11.6,24,原味布丁,Starbucks,https://www.starbucks.com.tw/home/index.jspx,20190923,一份
110,288,10.4,0,0,0,61.6,7.5,440,藍莓貝果,Starbucks,https://www.starbucks.com.tw/home/index.jspx,20190923,一份
90,218,3.7,16.5,10.5,0.4,13.6,12.2,34,巧克力布丁,Starbucks,https://www.starbucks.com.tw/home/index.jspx,20190923,一份
145,426,13.5,25.5,13.7,0,35.7,4.4,610,菠菜起司蛋可頌堡,Starbucks,https://www.starbucks.com.tw/home/index.jspx,20190923,一份
85,283,8,9.4,5.9,0.1,42.2,12.2,167,草莓巧克力風味麵包,Starbucks,https://www.starbucks.com.tw/home/index.jspx,20190923,一份
110,297,8.7,21.8,11.9,0,16.5,1.3,457,菠菜洋菇鹹派,Starbucks,https://www.starbucks.com.tw/home/index.jspx,20190923,一份
86,270,9.0,7.0,1.9,0,42.7,9.2,310,堅果葡萄麵包,Starbucks,https://www.starbucks.com.tw/home/index.jspx,20190923,一份
75,251,5.2,13.6,7.5,0,27,4.7,327,青醬丹麥捲,Starbucks,https://www.starbucks.com.tw/home/index.jspx,20190923,一份
85,305,3.2,24,9.8,0.4,19.1,12.2,183,藍莓起司蛋糕,Starbucks,https://www.starbucks.com.tw/home/index.jspx,20190923,一份
60,297,3.1,14.5,7.9,0,38.6,18.3,150,棉花糖巧克力餅乾,Starbucks,https://www.starbucks.com.tw/home/index.jspx,20190923,一份
180,508,11.7,23.9,14.4,0.3,61.5,30.1,312,海苔肉鬆薄餅,Starbucks,https://www.starbucks.com.tw/home/index.jspx,20190923,一份
20,528,6.1,28.5,18.1,0.1,61.9,59.6,83,金幣巧克力,Starbucks,https://www.starbucks.com.tw/home/index.jspx,20190923,一份
30,387.2,0.2,1.2,0,0,93.9,53.0,43,水果軟糖(柑橘風味),Starbucks,https://www.starbucks.com.tw/home/index.jspx,20190923,一份
70,246,3.5,16.9,10.2,0,20,11.9,64,抹茶起司蛋糕,Starbucks,https://www.starbucks.com.tw/home/index.jspx,20190923,一份
140,336,9.9,19.6,14.3,0,29.8,16.1,200,20週年紀念蛋糕,Starbucks,https://www.starbucks.com.tw/home/index.jspx,20190923,一份
90,182,3.3,12.8,8.3,0.4,13.2,11.2,39,黑糖地瓜布丁,Starbucks,https://www.starbucks.com.tw/home/index.jspx,20190923,一份
65,247,3.4,16.1,10.1,0.2,25.0,14.0,102,甜柚香檸塔,Starbucks,https://www.starbucks.com.tw/home/index.jspx,20190923,一份
90,323,3.8,24.5,15.6,0.3,22.0,14.0,33,櫻桃黑森林薄餅,Starbucks,https://www.starbucks.com.tw/home/index.jspx,20190923,一份
220,282,8.4,8.6,4.4,0,42.7,22.9,119,雙果抹茶燕麥優格,Starbucks,https://www.starbucks.com.tw/home/index.jspx,20190923,一份
130,306,14,10.3,2.7,0,39.1,0,484,肉蛋吐司,Starbucks,https://www.starbucks.com.tw/home/index.jspx,20190923,一份
270,311,14.6,10.8,1.1,0,38.9,2.4,516,香料烤雞溫野菜,Starbucks,https://www.starbucks.com.tw/home/index.jspx,20190923,一份
150,323,17.4,12.2,5.6,0,36.4,7.6,543,瑪莎蔓咖哩豬肉堡,Starbucks,https://www.starbucks.com.tw/home/index.jspx,20190923,一份
60,301,3.2,14.9,8.7,0,38.3,20.6,147,棉花糖巧克力餅乾,Starbucks,https://www.starbucks.com.tw/home/index.jspx,20190923,一份
120,352,4.1,24.2,14.6,0.2,29.3,15.2,52,黑糖金薯薄餅,Starbucks,https://www.starbucks.com.tw/home/index.jspx,20190923,一份
80,243,4.4,16.0,6.6,0.1,20.2,12.6,106,抹茶戚風蛋糕,Starbucks,https://www.starbucks.com.tw/home/index.jspx,20190923,一份
750,2146,23.3,145.5,86.2,1.5,186.0,107.3,330,6吋黑糖金薯薄餅,Starbucks,https://www.starbucks.com.tw/home/index.jspx,20190923,一份
900,3233,37.8,244.8,155.7,2.7,219.6,139.5,333,8吋櫻桃黑森林薄餅,Starbucks,https://www.starbucks.com.tw/home/index.jspx,20190923,一份
105,391,9.1,14.9,7.6,0.4,55.0,20.8,173,楓糖肉桂捲,Starbucks,https://www.starbucks.com.tw/home/index.jspx,20190923,一份
480,1848,20.2,145.9,73.4,2.4,113.3,65.3,947,6吋藍莓起司蛋糕,Starbucks,https://www.starbucks.com.tw/home/index.jspx,20190923,一份
450,1539,24.3,104.0,63.9,0.0,127.0,70.7,351,6吋抹茶起司蛋糕,Starbucks,https://www.starbucks.com.tw/home/index.jspx,20190923,一份
700,2139,36.4,134.4,60.9,0.7,196.0,124.6,826,8吋抹茶戚風蛋糕,Starbucks,https://www.starbucks.com.tw/home/index.jspx,20190923,一份
1480,1204,36.8,41.4,26.8,0.0,170.2,112.6,514,星巴克優格禮盒,Starbucks,https://www.starbucks.com.tw/home/index.jspx,20190923,一份
300,357,14.1,8.1,1.2,0,57.0,0.3,939,炸雞豆皮烏龍冷麵,Starbucks,https://www.starbucks.com.tw/home/index.jspx,20190923,一份
120,333,10.3,6.2,0.9,0,59.0,18.1,442,桂圓核桃麵包,Starbucks,https://www.starbucks.com.tw/home/index.jspx,20190923,一份
117,457,8.2,31.8,19.8,0.9,34.5,21.2,301,經典起司蛋糕,Starbucks,https://www.starbucks.com.tw/home/index.jspx,20190923,一份
90,182,3.3,12.8,8.3,0.4,13.2,11.2,39,黑糖地瓜布丁,Starbucks,https://www.starbucks.com.tw/home/index.jspx,20190923,一份
90,203,3.4,15,9.9,0.4,13.3,11.6,24,原味布丁,Starbucks,https://www.starbucks.com.tw/home/index.jspx,20190923,一份
50,120,0.4,2.4,1.7,0.0,24.2,11.4,6,黃豆卡士達星蕨餅,Starbucks,https://www.starbucks.com.tw/home/index.jspx,20190923,一份
50,114,0.2,1.7,1.5,0.0,24.5,11.6,6,和風抹茶星蕨餅,Starbucks,https://www.starbucks.com.tw/home/index.jspx,20190923,一份
160,438,13.3,25.8,9.4,0,38.2,7.8,731,火腿蛋可頌堡,Starbucks,https://www.starbucks.com.tw/home/index.jspx,20190923,一份
100,255,8.2,11.2,1.7,0,30.3,1.0,418,布里歐菇菇蛋,Starbucks,https://www.starbucks.com.tw/home/index.jspx,20190923,一份
115,320,7.5,14.0,5.8,0,41.1,16.2,253,蘋果卡士達吐司,Starbucks,https://www.starbucks.com.tw/home/index.jspx,20190923,一份
50,201,5.4,11.8,7.1,0,18.2,2.2,350,艾曼達起司可頌,Starbucks,https://www.starbucks.com.tw/home/index.jspx,20190923,一份
70,206,6.4,4.3,1.8,0,35.3,8.3,242,雙果乾吐司,Starbucks,https://www.starbucks.com.tw/home/index.jspx,20190923,一份
210,417,13.0,24.6,22.7,0,35.9,1.5,483,炸魚青醬蝴蝶麵,Starbucks,https://www.starbucks.com.tw/home/index.jspx,20190923,一份
160,371,20.3,15.4,6.1,0,37.8,4.3,845,瑪格麗特風味薄餅,Starbucks,https://www.starbucks.com.tw/home/index.jspx,20190923,一份
85,264,4.8,16.1,6.8,0.0,25.1,15.6,102,香蕉巧克力棋盤蛋糕,Starbucks,https://www.starbucks.com.tw/home/index.jspx,20190923,一份
90,178,4.3,11,6.9,0.2,15.5,12.9,32,抹茶紅豆布丁,Starbucks,https://www.starbucks.com.tw/home/index.jspx,20190923,一份
100,323,24.1,9.7,2.5,0,34.8,29.7,589,炙燒豬肉條(蜜汁),Starbucks,https://www.starbucks.com.tw/home/index.jspx,20190923,一份
100,328,25.1,10,2.7,0,34.5,20.3,543,炙燒豬肉條(咖啡),Starbucks,https://www.starbucks.com.tw/home/index.jspx,20190923,一份
90,134,1.2,6.5,5.1,0,17.7,15.5,59,芒果布丁,Starbucks,https://www.starbucks.com.tw/home/index.jspx,20190923,一份
110,266,4.4,15.5,8.4,0.0,27.2,20.4,51,芒果戚風蛋糕,Starbucks,https://www.starbucks.com.tw/home/index.jspx,20190923,一份
105,348,5.0,24.8,15.2,0.4,26.1,18.0,42,厚抹茶千層薄餅,Starbucks,https://www.starbucks.com.tw/home/index.jspx,20190923,一份
40,130,2.6,2.8,1.6,0,23.6,14.1,17,可麗露,Starbucks,https://www.starbucks.com.tw/home/index.jspx,20190923,一份
85,305,5.5,18.9,8.8,0.1,28.2,18.3,42,咖啡巧克力松露蛋糕,Starbucks,https://www.starbucks.com.tw/home/index.jspx,20190923,一份
500,1170,20.0,73.5,45.0,0.0,107.0,81,190,6吋芒果戚風蛋糕,Starbucks,https://www.starbucks.com.tw/home/index.jspx,20190923,一份
750,2625,36.8,189.0,118.5,3.0,193.5,142.5,338,6吋厚抹茶千層薄餅,Starbucks,https://www.starbucks.com.tw/home/index.jspx,20190923,一份
315,980,17.9,59.5,25.2,0.0,92.9,57.6,38,4吋香蕉巧克力棋盤蛋糕,Starbucks,https://www.starbucks.com.tw/home/index.jspx,20190923,一份
410,1501,21.3,91.4,50.8,0.0,148.0,99.6,254,四吋咖啡巧克力松露蛋糕,Starbucks,https://www.starbucks.com.tw/home/index.jspx,20190923,一份
85,241,9.1,9.6,4.7,0,29.6,5.3,402,青醬馬茲瑞拉起司布里歐,Starbucks,https://www.starbucks.com.tw/home/index.jspx,20190923,一份
130,407,16.1,20.3,4.7,0,40.0,8.1,525,雙色肉鬆蛋三明治,Starbucks,https://www.starbucks.com.tw/home/index.jspx,20190923,一份
150,288,8.0,14.6,3.9,0.0,31.2,11.0,507,綜合三明治,Starbucks,https://www.starbucks.com.tw/home/index.jspx,20190923,一份
140,361,16.1,17.8,7.8,0,34.0,2.1,832,香辣火腿古巴風味三明治,Starbucks,https://www.starbucks.com.tw/home/index.jspx,20190923,一份
80,229,4.0,14.3,5.0,0.0,20.9,10.8,78,荔枝紅茶慕斯蛋糕,Starbucks,https://www.starbucks.com.tw/home/index.jspx,20190923,一份
75,259,4.3,11.7,6.2,0,34.0,17.4,22,檸檬塔,Starbucks,https://www.starbucks.com.tw/home/index.jspx,20190923,一份
80,192,5.5,12.7,7.8,0.0,13.9,10.6,101,經典輕乳蛋糕,Starbucks,https://www.starbucks.com.tw/home/index.jspx,20190923,一份
0,0,0,0,0,0,0,0,0,月光寶盒,Starbucks,https://www.starbucks.com.tw/home/index.jspx,20190923,一份
0,0,0,0,0,0,0,0,0,月光風華,Starbucks,https://www.starbucks.com.tw/home/index.jspx,20190923,一份
0,0,0,0,0,0,0,0,0,月光花園 ,Starbucks,https://www.starbucks.com.tw/home/index.jspx,20190923,一份
0,0,0,0,0,0,0,0,0,月光樂園,Starbucks,https://www.starbucks.com.tw/home/index.jspx,20190923,一份
0,0,0,0,0,0,0,0,0,夾心蛋糕禮盒,Starbucks,https://www.starbucks.com.tw/home/index.jspx,20190923,一份
0,0,0,0,0,0,0,0,0,月光小夜曲,Starbucks,https://www.starbucks.com.tw/home/index.jspx,20190923,一份
95,293,10.1,10.5,6.5,0,39.5,5.1,447,三起司軟法麵包,Starbucks,https://www.starbucks.com.tw/home/index.jspx,20190923,一份
100,227,10.1,10.0,1.8,0,24.2,0.4,408,火腿蛋三明治,Starbucks,https://www.starbucks.com.tw/home/index.jspx,20190923,一份
105,307,13.9,15.4,6.2,0,28.0,4.6,520,燻腸香料麵包,Starbucks,https://www.starbucks.com.tw/home/index.jspx,20190923,一份
190,460,15.6,18.2,8.4,0,58.3,7.6,1045,義式肉醬洋芋吐司,Starbucks,https://www.starbucks.com.tw/home/index.jspx,20190923,一份
260,420,48.4,21.8,8.1,0,7.5,0.0,832,烤雞腿粉紅醬斜管麵,Starbucks,https://www.starbucks.com.tw/home/index.jspx,20190923,一份
68,20,0.6,0.5,0,0,3.3,2.8,28,輕沙拉,Starbucks,https://www.starbucks.com.tw/home/index.jspx,20190923,一份
100,49,0.3,0,0,0,11.9,9.8,18,輕水果,Starbucks,https://www.starbucks.com.tw/home/index.jspx,20190923,一份
420,1170,20.0,11.0,4.0,0,248.0,0,290,長條咖啡蛋糕,Starbucks,https://www.starbucks.com.tw/home/index.jspx,20190923,一份
100,176,2.2,9.6,2.9,0,20.3,7.6,41,珍珠奶茶慕斯,Starbucks,https://www.starbucks.com.tw/home/index.jspx,20190923,一份
55,190,3.0,12.1,7.5,0.1,17.3,14.0,71,貓咪巧克力蛋糕,Starbucks,https://www.starbucks.com.tw/home/index.jspx,20190923,一份
115,377,4.8,25.5,17.5,0.6,32.1,18.0,133,南瓜起司蛋糕,Starbucks,https://www.starbucks.com.tw/home/index.jspx,20190923,一份
65,192,4.2,11.0,4.9,0.1,19.2,11.0,109,栗子戚風蛋糕,Starbucks,https://www.starbucks.com.tw/home/index.jspx,20190923,一份
12,41.4,3.3,1.8,0.8,0.0,3.0,2.5,149,星巴克牛肉條,Starbucks,https://www.starbucks.com.tw/home/index.jspx,20190923,一份
0,0,0,0,0,0,0,0,0,切達起司夾心薄餅,Starbucks,https://www.starbucks.com.tw/home/index.jspx,20190923,一份
100,326,2.1,1.2,0.2,0,76.7,63,5.3,雙果果乾,Starbucks,https://www.starbucks.com.tw/home/index.jspx,20190923,一份
0,0,0,0,0,0,0,0,0,楓糖綜合堅果,Starbucks,https://www.starbucks.com.tw/home/index.jspx,20190923,一份
50,186,0.1,0.2,0.1,0.0,44.4,31.7,60,貓咪軟糖零錢包,Starbucks,https://www.starbucks.com.tw/home/index.jspx,20190923,一份
70,205,3.0,14.4,10.0,0.1,15.9,12.4,94,柚子抹茶慕斯蛋糕,Starbucks,https://www.starbucks.com.tw/home/index.jspx,20190923,一份
630,1800,45.0,125.4,75.0,1.2,122.4,49.8,264,法式千層薄餅,Starbucks,https://www.starbucks.com.tw/home/index.jspx,20190923,一份
635,2034,33,142,75,0,156,0,1063,6吋經典乳酪蛋糕,Starbucks,https://www.starbucks.com.tw/home/index.jspx,20190923,一份
60,528,6.1,28.5,18.1,0.1,61.9,59.6,83,金幣巧克力,Starbucks,https://www.starbucks.com.tw/home/index.jspx,20190923,一份
50,222,2.2,9.5,6.0,0.0,31.9,23.1,4,檸檬條巧克力,Starbucks,https://www.starbucks.com.tw/home/index.jspx,20190923,一份
50,265,2.4,15.4,11.2,0.0,29.3,22.4,10,椰條巧克力,Starbucks,https://www.starbucks.com.tw/home/index.jspx,20190923,一份
100,421,3.5,13.7,8.1,0.0,70.8,47.6,9,黑醋栗巧克力,Starbucks,https://www.starbucks.com.tw/home/index.jspx,20190923,一份
67,395,0.1,0.2,0.1,0.0,98.3,61.9,3,星巴克檸檬糖,Starbucks,https://www.starbucks.com.tw/home/index.jspx,20190923,一份
100,401,12.0,4.8,3.3,0.0,77.5,56.6,146,星巴克牛奶糖 (糖果罐),Starbucks,https://www.starbucks.com.tw/home/index.jspx,20190923,一份
100,401,12.0,4.8,3.3,0.0,77.5,56.6,146,星巴克牛奶糖 (耶誕磁鐵盒),Starbucks,https://www.starbucks.com.tw/home/index.jspx,20190923,一份
100,401,12.0,4.8,3.3,0.0,77.5,56.6,146,星巴克牛奶糖 (經典磁鐵盒),Starbucks,https://www.starbucks.com.tw/home/index.jspx,20190923,一份
100,467.1,4.1,16.3,7.5,0.0,76.0,40.5,225,草莓風味威化捲心酥,Starbucks,https://www.starbucks.com.tw/home/index.jspx,20190923,一份
380,1364,24.7,84.4,39.1,0.4,126.2,81.7,186,咖啡巧克力松露蛋糕,Starbucks,https://www.starbucks.com.tw/home/index.jspx,20190923,一份
100,452.0,5.1,13.2,5.9,0.0,78.2,41.4,248,可可威化捲心酥,Starbucks,https://www.starbucks.com.tw/home/index.jspx,20190923,一份
85,402.0,5.5,14.4,9.9,0.2,62.6,29.8,208,星巴克經典薄餅,Starbucks,https://www.starbucks.com.tw/home/index.jspx,20190923,一份
22.5,402.0,0.3,1.0,0.9,0.0,97.7,0.0,0,星巴克葡萄柚風味糖,Starbucks,https://www.starbucks.com.tw/home/index.jspx,20190923,一份
92.5,399,0.2,0.0,0.0,0.0,99.6,69.2,4,耶誕抱枕水果糖,Starbucks,https://www.starbucks.com.tw/home/index.jspx,20190923,一份
110,363,4.1,1.4,0.0,0.0,83.4,45.4,15,小熊徽章掛曆軟糖,Starbucks,https://www.starbucks.com.tw/home/index.jspx,20190923,一份
140,489,8.3,31.2,13.3,0.1,43.7,30.1,195,巧克力鮮奶油蛋糕,Starbucks,https://www.starbucks.com.tw/home/index.jspx,20190923,一份
110,380,6.8,22.4,10.1,0.1,37.6,27.1,297,榛果樹幹蛋糕,Starbucks,https://www.starbucks.com.tw/home/index.jspx,20190923,一份
100,306,5.1,22.9,13.5,0.7,19.8,12.1,76,提拉米蘇千層薄餅,Starbucks,https://www.starbucks.com.tw/home/index.jspx,20190923,一份
85,298,4.3,22.1,12.4,0.4,20.4,12.8,157,起司藍莓蛋糕,Starbucks,https://www.starbucks.com.tw/home/index.jspx,20190923,一份
90,203,3.7,14.7,9.0,0.5,14.0,10.2,37,太妃焦糖布丁,Starbucks,https://www.starbucks.com.tw/home/index.jspx,20190923,一份
100,225,3.8,16.7,11.0,0.4,14.8,12.9,27,星巴克原味布丁禮盒,Starbucks,https://www.starbucks.com.tw/home/index.jspx,20190923,一份
90,435,6.3,28.3,13.7,0.3,39.0,24.5,133,布朗尼,Starbucks,https://www.starbucks.com.tw/home/index.jspx,20190923,一份
250,375,17.2,12.8,4.0,0,48.0,42.5,608,瑪莎蔓豬肉咖哩筆管麵,Starbucks,https://www.starbucks.com.tw/home/index.jspx,20190923,一份
120,252,11.2,6.2,1.2,0,37.7,3.1,650,燻火腿墨魚三明治,Starbucks,https://www.starbucks.com.tw/home/index.jspx,20190923,一份
130,321,12.6,15.0,2.3,0,34.0,1.3,638,菇菇蛋堡,Starbucks,https://www.starbucks.com.tw/home/index.jspx,20190923,一份
420,1340,26.0,37.4,24.4,0,224.3,111.3,802,耶誕麵包提袋組,Starbucks,https://www.starbucks.com.tw/home/index.jspx,20190923,一份
110,292,9.9,19.5,11.2,0,19.1,1.9,554,嫩雞菠菜鹹派,Starbucks,https://www.starbucks.com.tw/home/index.jspx,20190923,一份
270,406,21.9,17.0,4.7,0,41.3,2.2,567,時蔬烤雞青醬麵,Starbucks,https://www.starbucks.com.tw/home/index.jspx,20190923,一份
90,337,4.9,19.4,11.6,0.1,35.6,17.4,153,巧克力烤布蕾,Starbucks,https://www.starbucks.com.tw/home/index.jspx,20190923,一份
100,640.3,18.0,51.5,6.2,0,26.2,8.9,8.7,楓糖綜合堅果,Starbucks,https://www.starbucks.com.tw/home/index.jspx,20190923,一份
100,446.9,5.4,18.5,10.9,0.0,64.7,37.0,44,無花果牛奶巧克力,Starbucks,https://www.starbucks.com.tw/home/index.jspx,20190923,一份
100,474.3,5.9,24.3,13.4,0.0,58.0,36.0,95,焦糖牛奶巧克力,Starbucks,https://www.starbucks.com.tw/home/index.jspx,20190923,一份
105,528,6.1,28.5,18.1,0.1,61.9,59.6,83,金幣巧克力撲滿,Starbucks,https://www.starbucks.com.tw/home/index.jspx,20190923,一份
100,303,24.4,6.9,2.6,0.0,35.8,16.9,657,咖啡牛肉乾,Starbucks,https://www.starbucks.com.tw/home/index.jspx,20190923,一份
100,324,23.0,8.9,3.3,0.0,37.9,16.5,678,辣味牛肉乾,Starbucks,https://www.starbucks.com.tw/home/index.jspx,20190923,一份
430,291,0.3,0.2,0.0,0.0,72.1,68.8,3.2,星巴克蜜柚醬,Starbucks,https://www.starbucks.com.tw/home/index.jspx,20190923,一份
0,0,0,0,0,0,0,0,0,星巴克星願桶,Starbucks,https://www.starbucks.com.tw/home/index.jspx,20190923,一份
100,511.0,12.5,25.4,14.4,0.4,58.1,29.8,340.5,海苔肉鬆薄餅,Starbucks,https://www.starbucks.com.tw/home/index.jspx,20190923,一份
100,472.5,6.5,16.9,11.6,0.2,73.6,35.0,245,星巴克經典薄餅,Starbucks,https://www.starbucks.com.tw/home/index.jspx,20190923,一份
100,443.1,4.5,19.9,12.6,0,61.5,32.7,134.1,星巴克雙果酥,Starbucks,https://www.starbucks.com.tw/home/index.jspx,20190923,一份
432,473.5,6.5,24.6,7.4,0,56.4,0,126.7,法式薄餅禮盒,Starbucks,https://www.starbucks.com.tw/home/index.jspx,20190923,一份
200,376,16.8,17.0,5.2,0,39.0,9.2,660,晨光法式吐司組合,Starbucks,https://www.starbucks.com.tw/home/index.jspx,20190923,一份
48,167,4.6,6.1,4.1,0,23.4,1.8,281,海鹽奶油捲,Starbucks,https://www.starbucks.com.tw/home/index.jspx,20190923,一份
72,234,6.5,9.1,4.0,0,31.6,3.1,345,香甜吐司,Starbucks,https://www.starbucks.com.tw/home/index.jspx,20190923,一份
70,356,8.9,14.9,6.9,0,46.7,12.4,303,果乾核桃麵包,Starbucks,https://www.starbucks.com.tw/home/index.jspx,20190923,一份
100,523,7.6,25.9,15.5,0.8,64.9,28.2,164,精選咖啡蛋捲,Starbucks,https://www.starbucks.com.tw/home/index.jspx,20190923,一份
105,279,9.9,11.4,4.6,0,34.3,8.6,311,火腿炒蛋麵包,Starbucks,https://www.starbucks.com.tw/home/index.jspx,20190923,一份
150,291,15.0,11.4,5.2,0,32.1,7.4,1026,黑傑克雞肉薄餅,Starbucks,https://www.starbucks.com.tw/home/index.jspx,20190923,一份
280,302,8.7,7.8,1.4,0.0,49.3,8.7,552,溫野菜,Starbucks,https://www.starbucks.com.tw/home/index.jspx,20190923,一份
70,252,2.7,9.0,5.4,0.1,40.0,23.8,137,糖霜檸檬蛋糕,Starbucks,https://www.starbucks.com.tw/home/index.jspx,20190923,一份
110,432,8.7,16.0,10.3,0.4,63.3,30.9,375,葡萄乾司康,Starbucks,https://www.starbucks.com.tw/home/index.jspx,20190923,一份
90,197,3.4,13.8,8.6,0.3,14.8,12.2,22,草莓布丁,Starbucks,https://www.starbucks.com.tw/home/index.jspx,20190923,一份
75,212,5.0,12.8,5.3,0.1,19.4,12.5,69,奶蓋焦糖紅茶捲,Starbucks,https://www.starbucks.com.tw/home/index.jspx,20190923,一份
100,447,4.5,15.7,3.9,0.0,71.9,33.2,338,蜂蜜焦糖煎餅,Starbucks,https://www.starbucks.com.tw/home/index.jspx,20190923,一份
100,534,14.0,32.3,5.8,0.0,46.9,35.7,10,蔓越莓堅果棒,Starbucks,https://www.starbucks.com.tw/home/index.jspx,20190923,一份
100,523,7.6,25.9,15.5,0.8,64.9,28.2,164,週年蛋捲貨櫃禮盒,Starbucks,https://www.starbucks.com.tw/home/index.jspx,20190923,一份
100,294,7.1,4.3,1.4,0.0,56.8,34.0,54,星巴克蜂蜜蛋糕(2片裝),Starbucks,https://www.starbucks.com.tw/home/index.jspx,20190923,一份
100,461,5.0,21.7,14.3,0.6,61.5,30.1,147,Mini鳳梨酥(6顆裝),Starbucks,https://www.starbucks.com.tw/home/index.jspx,20190923,一份
120,384,4.8,0.0,0.0,0.0,91.2,0,15.6,水果軟糖(黑加崙風味),Starbucks,https://www.starbucks.com.tw/home/index.jspx,20190923,一份
74,31,0.4,0.8,0,0,5.5,4.9,129,輕沙拉,Starbucks,https://www.starbucks.com.tw/home/index.jspx,20190923,一份
179,151,2.3,9.5,1.6,0,14.1,8.6,424,時蔬沙拉,Starbucks,https://www.starbucks.com.tw/home/index.jspx,20190923,一份
75,189,6.9,7.0,2.4,0,24.7,2.6,431,和風炒菇薄餅,Starbucks,https://www.starbucks.com.tw/home/index.jspx,20190923,一份
120,408,4.7,0.0,0.0,0.0,97.4,0,38.4,水果軟糖(綜合水果風味),Starbucks,https://www.starbucks.com.tw/home/index.jspx,20190923,一份
145,426,13.5,25.5,14,0.1,35.7,4,610,菠菜蛋可頌堡,Starbucks,https://www.starbucks.com.tw/home/index.jspx,20190923,一份
135,428,10.5,17.8,11.3,0.7,56.3,16.2,556,芋見肉鬆帕里尼,Starbucks,https://www.starbucks.com.tw/home/index.jspx,20190923,一份
90,192,3.6,13.0,7.9,0.4,15.2,11.1,22,芋泥布丁,Starbucks,https://www.starbucks.com.tw/home/index.jspx,20190923,一份
38,212,5.6,13.1,2.8,0.0,17.7,7.4,12,綜合堅果塔,Starbucks,https://www.starbucks.com.tw/home/index.jspx,20190923,一份
90,192,4.1,8.5,5.5,0.0,24.8,17.6,112,玫瑰起司慕斯蛋糕,Starbucks,https://www.starbucks.com.tw/home/index.jspx,20190923,一份
90,261,4.6,14.6,10.0,0.1,27.9,22.1,85,夏日可爾必思蛋糕,Starbucks,https://www.starbucks.com.tw/home/index.jspx,20190923,一份
90,323,3.8,24.5,15.6,0.3,22.0,14.0,33,櫻桃黑森林薄餅,Starbucks,https://www.starbucks.com.tw/home/index.jspx,20190923,一份
110,358,4.5,28.0,16.5,0.7,22.0,12.8,46,可可伯爵薄餅,Starbucks,https://www.starbucks.com.tw/home/index.jspx,20190923,一份
100,481,3.9,19.3,13.8,0,72.8,31.5,512,咖啡焦糖爆米花,Starbucks,https://www.starbucks.com.tw/home/index.jspx,20190923,一份
100,594,4.9,41.2,36.2,0,51.0,18.4,451,酸奶洋蔥爆米花,Starbucks,https://www.starbucks.com.tw/home/index.jspx,20190923,一份
120,406,4.6,0.0,0.0,0.0,97.0,0,38.4,水果軟糖(蘋果風味),Starbucks,https://www.starbucks.com.tw/home/index.jspx,20190923,一份
110,396,3.6,0.0,0.0,0,95.4,0,55,星巴克棉花糖(哈密瓜風味),Starbucks,https://www.starbucks.com.tw/home/index.jspx,20190923,一份
110,396,3.6,0.0,0.0,0,95.4,0,55,星巴克棉花糖(草莓風味),Starbucks,https://www.starbucks.com.tw/home/index.jspx,20190923,一份
800,2872,33.6,217.6,138.4,2.4,195.2,124.0,296,櫻桃黑森林薄餅,Starbucks,https://www.starbucks.com.tw/home/index.jspx,20190923,一份
550,1168,20.4,59.4,34.6,0.0,138.0,109.0,602,6吋玫瑰起司慕斯蛋糕,Starbucks,https://www.starbucks.com.tw/home/index.jspx,20190923,一份
600,1741,30.6,97.2,66.6,0.6,186.0,147.0,564,6吋夏日可爾必思蛋糕,Starbucks,https://www.starbucks.com.tw/home/index.jspx,20190923,一份
580,2111,32.5,160.1,101.5,2.3,135.1,91.1,1433,6吋經典起司蛋糕,Starbucks,https://www.starbucks.com.tw/home/index.jspx,20190923,一份
500,1750,25.5,130.0,73.0,2.5,120.0,75.5,925,6吋起司藍莓蛋糕,Starbucks,https://www.starbucks.com.tw/home/index.jspx,20190923,一份
50,116,0.4,2.0,1.6,0.0,24.2,11.4,6,黃豆卡士達星蕨餅,Starbucks,https://www.starbucks.com.tw/home/index.jspx,20190923,一份
50,103,0.6,1.1,0.8,0.0,22.6,9.8,10,提拉米蘇星蕨餅,Starbucks,https://www.starbucks.com.tw/home/index.jspx,20190923,一份
45,240,4.5,18.0,11.3,0.0,10.8,0,4.5,星巴克手工咖啡糖,Starbucks,https://www.starbucks.com.tw/home/index.jspx,20190923,一份
100,523,7.6,25.9,25.5,0.8,64.9,28.2,164,原味芝麻蛋捲禮盒,Starbucks,https://www.starbucks.com.tw/home/index.jspx,20190923,一份
100,536,5.4,30.1,17.7,0.2,60.9,33.4,279,星巴克咖啡捲心酥,Starbucks,https://www.starbucks.com.tw/home/index.jspx,20190923,一份
105,259,10.5,9.6,4.7,0.1,32.7,2.0,629,煙燻牛肉三明治,Starbucks,https://www.starbucks.com.tw/home/index.jspx,20190923,一份
100,270,12.6,14.3,6.3,0.1,22.8,2.7,659,培根蛋英式麥芬,Starbucks,https://www.starbucks.com.tw/home/index.jspx,20190923,一份
200,226,13.8,7.0,3.2,0,27.0,7.6,546,綜合烤肉捲沙拉杯,Starbucks,https://www.starbucks.com.tw/home/index.jspx,20190923,一份
140,114,3.9,4.8,3.1,0,13.9,12.3,44,Mini藍莓優格,Starbucks,https://www.starbucks.com.tw/home/index.jspx,20190923,一份
105,390,7.9,30.1,14.9,0.6,21.9,7.7,90,芒果泡芙,Starbucks,https://www.starbucks.com.tw/home/index.jspx,20190923,一份
90,374,8.9,26.4,9.4,0.1,25.3,15.6,140,花生巧克力蛋糕,Starbucks,https://www.starbucks.com.tw/home/index.jspx,20190923,一份
49,183,2.5,8.7,4.1,0.1,23.6,15.0,33,百香果塔,Starbucks,https://www.starbucks.com.tw/home/index.jspx,20190923,一份
0,0,0,0,0,0,0,0,0,星巴克經典薄餅,Starbucks,https://www.starbucks.com.tw/home/index.jspx,20190923,一份
200,452,5.1,13.2,5.9,0.0,78.2,41.4,248,可可威化捲心酥,Starbucks,https://www.starbucks.com.tw/home/index.jspx,20190923,一份
210,1246,12.6,89.6,44.8,0,98.0,0,708.4,焦糖咖啡千層派禮盒,Starbucks,https://www.starbucks.com.tw/home/index.jspx,20190923,一份
500,2079,49.5,146.5,52.0,0.5,140.5,86.5,780,6吋花生巧克力蛋糕,Starbucks,https://www.starbucks.com.tw/home/index.jspx,20190923,一份
580,1894,30.7,149.1,85.8,2.9,107.3,48.1,290,6吋芒果泡芙,Starbucks,https://www.starbucks.com.tw/home/index.jspx,20190923,一份
0,0,0,0,0,0,0,0,0,咖啡啤酒肉條禮盒,Starbucks,https://www.starbucks.com.tw/home/index.jspx,20190923,一份
100,294,7.1,4.3,1.4,0.0,56.8,34.0,54,長條蜂蜜蛋糕,Starbucks,https://www.starbucks.com.tw/home/index.jspx,20190923,一份
450,1404,19.4,70.7,65.7,1.8,172.4,81.9,207,六吋檸檬塔,Starbucks,https://www.starbucks.com.tw/home/index.jspx,20190923,一份
120,346,13.9,12.8,4.7,0.0,43.6,1.8,697,艾曼達起司里肌三明治,Starbucks,https://www.starbucks.com.tw/home/index.jspx,20190923,一份
35,166,4.9,9.8,2.1,0,17.3,0,4.6,橙香腰果,Starbucks,https://www.starbucks.com.tw/home/index.jspx,20190923,一份
145,379,20.6,10.9,5.4,0.0,49.7,5.8,687,石窯手撕豬肉堡,Starbucks,https://www.starbucks.com.tw/home/index.jspx,20190923,一份
150,372,16.0,15.0,5.58,0.0,43.3,4.8,514,輕泰式豬肉帕里尼,Starbucks,https://www.starbucks.com.tw/home/index.jspx,20190923,一份
110,183.0,5.3,13.1,6.8,0.1,11.0,10.1,22,芝麻豆漿奶酪,Starbucks,https://www.starbucks.com.tw/home/index.jspx,20190923,一份
55,163,4.1,8.8,3.1,0.0,16.8,10.6,80,抹茶戚風蛋糕,Starbucks,https://www.starbucks.com.tw/home/index.jspx,20190923,一份
125,463,7.0,39.2,7.6,0.2,20.5,20.0,56,抹茶紅豆千層薄餅,Starbucks,https://www.starbucks.com.tw/home/index.jspx,20190923,一份
100,467.1,4.1,16.3,7.5,0.0,76,40.5,357,海鹽焦糖風味威化捲心酥,Starbucks,https://www.starbucks.com.tw/home/index.jspx,20190923,一份
100,357,28.7,10.4,4.0,0,37.1,30.8,653,炙燒豬肉條 (東方美人茶),Starbucks,https://www.starbucks.com.tw/home/index.jspx,20190923,一份
200,818,22.8,14.8,9.8,0.0,148.2,0,256,星巴克摩卡飲品粉,Starbucks,https://www.starbucks.com.tw/home/index.jspx,20190923,一份
100,500.0,7.7,23.2,17.2,0.1,65.1,38.6,132.5,法式薄餅禮盒,Starbucks,https://www.starbucks.com.tw/home/index.jspx,20190923,一份
100,511.0,12.5,25.4,14.4,0.4,58.1,29.8,340.5,海苔肉鬆薄餅禮盒,Starbucks,https://www.starbucks.com.tw/home/index.jspx,20190923,一份
100,551.2,17.2,33.6,10.7,0.0,45.0,26.4,248,摩卡杏仁肉鬆捲,Starbucks,https://www.starbucks.com.tw/home/index.jspx,20190923,一份
100,519.1,7.1,25.9,17.5,0.8,64.4,29.2,163.2,精選咖啡蛋捲禮盒,Starbucks,https://www.starbucks.com.tw/home/index.jspx,20190923,一份
150,590,2.6,0.3,0.1,0.3,144.2,0,180,星巴克玫瑰蜜香飲品粉,Starbucks,https://www.starbucks.com.tw/home/index.jspx,20190923,一份
0,0,0,0,0,0,0,0,0,精選綜合蛋捲,Starbucks,https://www.starbucks.com.tw/home/index.jspx,20190923,一份
100,633,11.9,49.7,19.5,0.1,34.4,14.4,70,摩卡杏仁捲,Starbucks,https://www.starbucks.com.tw/home/index.jspx,20190923,一份
0,0,0,0,0,0,0,0,0,月光寶盒,Starbucks,https://www.starbucks.com.tw/home/index.jspx,20190923,一份
0,0,0,0,0,0,0,0,0,月光風華,Starbucks,https://www.starbucks.com.tw/home/index.jspx,20190923,一份
0,0,0,0,0,0,0,0,0,月光奏鳴曲,Starbucks,https://www.starbucks.com.tw/home/index.jspx,20190923,一份
0,0,0,0,0,0,0,0,0,月光花園,Starbucks,https://www.starbucks.com.tw/home/index.jspx,20190923,一份
0,0,0,0,0,0,0,0,0,月光小夜曲,Starbucks,https://www.starbucks.com.tw/home/index.jspx,20190923,一份
0,0,0,0,0,0,0,0,0,月光樂園,Starbucks,https://www.starbucks.com.tw/home/index.jspx,20190923,一份
100,221,10.6,5.9,1.8,0,31.3,3.2,587,哈姆花生三明治,Starbucks,https://www.starbucks.com.tw/home/index.jspx,20190923,一份
100,340,3.9,0.0,0.0,0.0,81.2,0,32,耶誕糖果樹,Starbucks,https://www.starbucks.com.tw/home/index.jspx,20190923,一份
100,190,5.8,8.8,2.0,0,21.8,4.4,211,紅藜地瓜三明治,Starbucks,https://www.starbucks.com.tw/home/index.jspx,20190923,一份
72,407,8.9,22.4,11.4,4,42.7,13.4,235,法式丹麥吐司,Starbucks,https://www.starbucks.com.tw/home/index.jspx,20190923,一份
60,164,1.6,6.4,4.0,0.0,25.1,12.8,26,鬼精靈大福,Starbucks,https://www.starbucks.com.tw/home/index.jspx,20190923,一份
95,270,6.6,16.4,5.5,0.2,23.4,14.8,64,豆香胡麻天使蛋糕,Starbucks,https://www.starbucks.com.tw/home/index.jspx,20190923,一份
90,246,3.5,13.1,7.7,0.8,28.5,16.0,112,芋頭蒙布朗,Starbucks,https://www.starbucks.com.tw/home/index.jspx,20190923,一份
160,340,11.2,15.2,5.4,0.6,39.5,5.1,888,鮪魚乳酪番茄佛卡夏,Starbucks,https://www.starbucks.com.tw/home/index.jspx,20190923,一份
165,334,18.0,11.9,5.3,0.7,38.8,5.8,1157,粉紅火腿菠菜乳酪佛卡夏,Starbucks,https://www.starbucks.com.tw/home/index.jspx,20190923,一份
175,362,18.6,13.6,6.0,0.7,41.3,4.4,1166,義式雞肉佛卡夏,Starbucks,https://www.starbucks.com.tw/home/index.jspx,20190923,一份
69,276,2.7,17.4,12.4,0.0,27.3,13,168,白巧蜜糖芙樂奇,Starbucks,https://www.starbucks.com.tw/home/index.jspx,20190923,一份
69,256,2.4,16.0,9.4,0.0,25.6,11,147,草莓甜心芙樂奇,Starbucks,https://www.starbucks.com.tw/home/index.jspx,20190923,一份
56,241,1.7,7.3,2.3,0.0,41.7,0,43.7,法國鹹奶油焦糖軟糖,Starbucks,https://www.starbucks.com.tw/home/index.jspx,20190923,一份
100,363,4.1,1.4,0,0,83.4,45.4,15,開學小熊迎星桶,Starbucks,https://www.starbucks.com.tw/home/index.jspx,20190923,一份
100,528,6.1,28.5,18.1,0.1,61.9,59.6,83,粉紅萬聖撲滿 (金幣巧克力),Starbucks,https://www.starbucks.com.tw/home/index.jspx,20190923,一份
100,482,6.4,19.4,9.3,0,70.5,27.2,88,星巴克脆米星(咖啡焦糖風味),Starbucks,https://www.starbucks.com.tw/home/index.jspx,20190923,一份
80,449,3.2,14.9,9.3,0.0,75.6,53.1,18,櫻桃巧克力,Starbucks,https://www.starbucks.com.tw/home/index.jspx,20190923,一份
110,336,4.2,0.9,0,0,77.7,53,60,耶誕提袋禮,Starbucks,https://www.starbucks.com.tw/home/index.jspx,20190923,一份
17,92,0.9,5.4,3.4,0.0,9.7,0,19.4,耶誕月曆巧克力,Starbucks,https://www.starbucks.com.tw/home/index.jspx,20190923,一份
54,294,2.7,17.1,10.5,0,32.4,0,5.4,咖啡杯手工餅乾,Starbucks,https://www.starbucks.com.tw/home/index.jspx,20190923,一份
100,534,6.7,29.3,18.5,0.0,61.0,43.7,11,咖啡豆巧克力,Starbucks,https://www.starbucks.com.tw/home/index.jspx,20190923,一份
135,617,4.7,28.4,16.2,0,85.1,0,810,比利時焦糖煎餅,Starbucks,https://www.starbucks.com.tw/home/index.jspx,20190923,一份
42,217,2.8,11.6,6.9,0,25.7,0,48.3,金幣巧克力零錢包,Starbucks,https://www.starbucks.com.tw/home/index.jspx,20190923,一份
36,198,2.4,12.3,11.7,0,19.8,0,21,巧克力捲心棒,Starbucks,https://www.starbucks.com.tw/home/index.jspx,20190923,一份
