重量,熱量,蛋白質,脂肪,飽和脂肪,反式脂肪,碳水化合物,糖,鈉,食物名,品牌,資料來源,更新時間,食用量
100.0,516.0,6.6,27.6,16.5,0.0,61.1,0.0,115.1,金幣巧克力(單片),Starbucks,https://www.starbucks.com.tw/home/index.jspx,20190923,一份
100.0,450.0,8.6,16.3,2.2,0.0,67.2,0.0,114.0,咖啡牛軋糖,Starbucks,https://www.starbucks.com.tw/home/index.jspx,20190923,一份
0.0,0.0,0.0,0.0,0.0,0.0,0.0,0.0,0.0,茶食饗宴禮盒,Starbucks,https://www.starbucks.com.tw/home/index.jspx,20190923,一份
100.0,423.0,5.2,10.4,3.0,0.0,77.1,0.0,102.0,蔓越莓核果牛軋糖,Starbucks,https://www.starbucks.com.tw/home/index.jspx,20190923,一份
830.0,3024.0,43.8,190.0,12.1,0.0,282.9,0.0,530.4,9吋草莓巧克力戚風蛋糕,Starbucks,https://www.starbucks.com.tw/home/index.jspx,20190923,一份
335.0,1548.0,23.7,96.1,41.8,0.0,147.1,0.0,258.0,星巴克經典咖啡捲,Starbucks,https://www.starbucks.com.tw/home/index.jspx,20190923,一份
500.0,1830.0,26.5,84.5,75.5,0.0,241.0,0.0,645.0,6吋檸檬蛋糕,Starbucks,https://www.starbucks.com.tw/home/index.jspx,20190923,一份
360.0,1148.0,23.0,60.1,26.6,0.0,128.9,95.8,281.0,長條黑森林蛋糕,Starbucks,https://www.starbucks.com.tw/home/index.jspx,20190923,一份
450.0,1616.0,29.2,99.9,46.4,0.4,149.4,96.8,220.0,長條咖啡巧克力松露蛋糕,Starbucks,https://www.starbucks.com.tw/home/index.jspx,20190923,一份
45.0,179.0,0.1,0.0,0.0,0.0,44.4,0.0,0.0,星巴克糖果禮,Starbucks,https://www.starbucks.com.tw/home/index.jspx,20190923,一份
0.0,0.0,0.0,0.0,0.0,0.0,0.0,0.0,0.0,星冰樂咖啡,Starbucks,https://www.starbucks.com.tw/home/index.jspx,20190923,一份
0.0,0.0,0.0,0.0,0.0,0.0,0.0,0.0,0.0,星冰樂摩卡,Starbucks,https://www.starbucks.com.tw/home/index.jspx,20190923,一份
0.0,0.0,0.0,0.0,0.0,0.0,0.0,0.0,0.0,波多氣泡礦泉水,Starbucks,https://www.starbucks.com.tw/home/index.jspx,20190923,一份
138.0,413.0,13.7,24.3,9.5,0.0,34.9,4.6,709.0,法式烤火腿三明治,Starbucks,https://www.starbucks.com.tw/home/index.jspx,20190923,一份
580.0,1745.0,21.6,119.4,75.6,0.0,145.8,0.0,462.0,6吋輕優格百香果慕斯蛋糕,Starbucks,https://www.starbucks.com.tw/home/index.jspx,20190923,一份
600.0,2250.0,27.6,148.2,111.6,0.0,201.0,0.0,592.2,6吋焦糖瑪奇朵蛋糕,Starbucks,https://www.starbucks.com.tw/home/index.jspx,20190923,一份
90.0,234.0,8.9,0.0,0.0,0.0,49.7,4.3,279.0,原味貝果,Starbucks,https://www.starbucks.com.tw/home/index.jspx,20190923,一份
230.0,674.0,10.4,38.4,22.1,0.0,72.0,0.0,131.0,黑糖栗子蒙布朗蛋糕,Starbucks,https://www.starbucks.com.tw/home/index.jspx,20190923,一份
80.0,326.0,6.6,15.4,10.7,0.6,40.6,10.5,337.0,比利時巧克力司康,Starbucks,https://www.starbucks.com.tw/home/index.jspx,20190923,一份
100.0,285.0,6.0,17.4,12.2,0.5,26.2,7.6,85.0,提拉米蘇千層薄餅;;中杯那堤 Caffe Latte  ,Starbucks,https://www.starbucks.com.tw/home/index.jspx,20190923,一份
240.0,780.0,15.6,16.8,9.6,0.0,141.6,84.6,102.0,6入可麗露,Starbucks,https://www.starbucks.com.tw/home/index.jspx,20190923,一份
450.0,1161.0,19.8,65.3,34.7,0.0,122.9,0.0,266.0,長條莓果優格慕斯蛋糕,Starbucks,https://www.starbucks.com.tw/home/index.jspx,20190923,一份
145.0,371.0,11.7,12.6,7.5,0.0,52.6,14.6,325.0,焦糖布丁麵包,Starbucks,https://www.starbucks.com.tw/home/index.jspx,20190923,一份
120.0,383.0,7.7,20.0,8.9,0.0,43.0,32.0,94.0,黑森林蛋糕,Starbucks,https://www.starbucks.com.tw/home/index.jspx,20190923,一份
90.0,364.0,4.7,20.3,3.9,0.0,40.4,17.1,339.0,藍莓麥芬,Starbucks,https://www.starbucks.com.tw/home/index.jspx,20190923,一份
129.0,131.0,3.7,11.0,1.6,0.0,4.4,0.0,307.8,有機黑鑽葡萄乾,Starbucks,https://www.starbucks.com.tw/home/index.jspx,20190923,一份
620.0,1420.0,34.7,75.0,42.8,0.0,150.7,117.8,341.0,六吋柚香慕斯蛋糕,Starbucks,https://www.starbucks.com.tw/home/index.jspx,20190923,一份
450.0,1427.0,21.6,88.7,56.3,0.0,136.0,77.9,333.0,六吋卡布奇諾蛋糕,Starbucks,https://www.starbucks.com.tw/home/index.jspx,20190923,一份
100.0,633.0,11.9,49.7,19.5,0.1,34.4,14.4,70.0,摩卡杏仁捲,Starbucks,https://www.starbucks.com.tw/home/index.jspx,20190923,一份
100.0,501.0,7.8,22.9,15.9,0.0,66.0,32.0,148.0,法式薄餅,Starbucks,https://www.starbucks.com.tw/home/index.jspx,20190923,一份
100.0,536.0,5.4,30.1,17.7,0.2,60.9,33.4,279.0,星巴克咖啡捲心酥,Starbucks,https://www.starbucks.com.tw/home/index.jspx,20190923,一份
0.0,0.0,0.0,0.0,0.0,0.0,0.0,0.0,0.0,啤酒肉條禮盒,Starbucks,https://www.starbucks.com.tw/home/index.jspx,20190923,一份
184.0,456.0,18.4,23.2,5.9,0.0,43.6,2.5,843.0,田園雞肉帕里尼,Starbucks,https://www.starbucks.com.tw/home/index.jspx,20190923,一份
170.0,423.0,20.6,17.3,4.6,0.0,46.4,1.3,833.0,招牌火腿起司帕里尼,Starbucks,https://www.starbucks.com.tw/home/index.jspx,20190923,一份
140.0,402.0,13.6,5.5,3.2,0.0,74.6,7.7,617.0,牛奶蜂蜜吐司,Starbucks,https://www.starbucks.com.tw/home/index.jspx,20190923,一份
158.0,156.0,1.4,12.2,2.3,0.0,10.3,0.0,171.9,自然農法鳳梨乾,Starbucks,https://www.starbucks.com.tw/home/index.jspx,20190923,一份
167.0,407.0,18.2,15.4,3.8,0.0,49.1,5.0,827.0,墨西哥風香辣三明治,Starbucks,https://www.starbucks.com.tw/home/index.jspx,20190923,一份
220.0,496.0,18.9,16.1,6.9,0.0,68.9,6.6,1086.0,經典總匯三明治,Starbucks,https://www.starbucks.com.tw/home/index.jspx,20190923,一份
650.0,2184.0,37.1,146.3,130.7,0.0,179.4,77.9,813.0,芒果乳酪夏洛特蛋糕,Starbucks,https://www.starbucks.com.tw/home/index.jspx,20190923,一份
127.0,135.0,4.2,8.5,3.4,0.0,10.2,9.1,117.0,樂活沙拉,Starbucks,https://www.starbucks.com.tw/home/index.jspx,20190923,一份
119.0,338.0,12.9,3.7,2.7,0.0,63.3,13.2,544.0,農夫麵包,Starbucks,https://www.starbucks.com.tw/home/index.jspx,20190923,一份
470.0,1499.0,30.1,78.5,34.8,0.0,168.3,125.0,367.0,黑森林蛋糕,Starbucks,https://www.starbucks.com.tw/home/index.jspx,20190923,一份
184.0,134.0,1.8,8.3,1.3,0.0,12.9,8.6,114.0,LOHAS蔬果棒,Starbucks,https://www.starbucks.com.tw/home/index.jspx,20190923,一份
105.0,231.0,11.2,8.7,2.0,0.0,27.0,3.0,415.0,雙菇烘蛋堡,Starbucks,https://www.starbucks.com.tw/home/index.jspx,20190923,一份
90.0,353.0,4.2,19.9,13.1,0.4,33.7,21.3,298.0,巧克力麥芬,Starbucks,https://www.starbucks.com.tw/home/index.jspx,20190923,一份
100.0,536.0,11.0,48.0,30.0,0.0,15.0,10.0,20.0,Starbucks 88% 黑巧克力,Starbucks,https://www.starbucks.com.tw/home/index.jspx,20190923,一份
100.0,467.0,4.1,19.7,11.3,0.1,68.4,31.5,251.0,比利時焦糖煎餅,Starbucks,https://www.starbucks.com.tw/home/index.jspx,20190923,一份
40.0,419.0,1.2,9.2,8.7,0.0,82.9,63.5,101.0,耶誕抱枕(牛奶糖),Starbucks,https://www.starbucks.com.tw/home/index.jspx,20190923,一份
450.0,1404.0,19.4,70.7,65.7,1.8,172.4,81.9,207.0,六吋檸檬塔,Starbucks,https://www.starbucks.com.tw/home/index.jspx,20190923,一份
77.0,383.0,0.6,0.4,0.2,0.0,94.2,67.2,2.0,耶誕襪水果軟糖,Starbucks,https://www.starbucks.com.tw/home/index.jspx,20190923,一份
42.0,523.0,7.3,31.3,19.9,0.0,53.0,38.3,31.0,佛羅娜巧克力,Starbucks,https://www.starbucks.com.tw/home/index.jspx,20190923,一份
45.0,569.0,11.7,38.1,24.1,0.0,44.8,21.8,8.0,77%巧克力,Starbucks,https://www.starbucks.com.tw/home/index.jspx,20190923,一份
50.0,455.0,4.7,19.1,11.9,0.0,66.0,51.4,18.0,橘條巧克力,Starbucks,https://www.starbucks.com.tw/home/index.jspx,20190923,一份
60.0,550.0,5.8,33.3,17.1,0.0,56.9,22.6,25.0,巧克力洋芋片,Starbucks,https://www.starbucks.com.tw/home/index.jspx,20190923,一份
120.0,545.0,4.9,31.2,18.1,0.0,61.1,43.7,72.0,耶誕花圈(榛果巧克力),Starbucks,https://www.starbucks.com.tw/home/index.jspx,20190923,一份
90.0,48.0,0.2,0.0,0.0,0.0,11.7,9.0,2.0,綜合果泥,Starbucks,https://www.starbucks.com.tw/home/index.jspx,20190923,一份
95.0,388.0,11.0,25.9,12.2,1.0,27.6,6.2,521.0,起司牛肉可頌,Starbucks,https://www.starbucks.com.tw/home/index.jspx,20190923,一份
163.0,329.0,20.5,11.7,3.1,0.0,35.5,1.8,792.0,香料烤雞三明治,Starbucks,https://www.starbucks.com.tw/home/index.jspx,20190923,一份
84.0,312.0,4.5,18.1,11.5,0.0,32.8,5.0,111.0,藍莓乳酪塔,Starbucks,https://www.starbucks.com.tw/home/index.jspx,20190923,一份
446.0,1597.0,24.1,84.7,50.0,0.0,184.6,63.3,571.0,6 吋藍莓乳酪塔,Starbucks,https://www.starbucks.com.tw/home/index.jspx,20190923,一份
100.0,288.0,12.6,9.5,2.7,0.0,38.0,1.8,549.0,乳酪燻腸巧巴達,Starbucks,https://www.starbucks.com.tw/home/index.jspx,20190923,一份
55.0,244.0,4.7,11.3,5.7,0.1,30.7,10.0,50.0,蔓越莓鬆餅,Starbucks,https://www.starbucks.com.tw/home/index.jspx,20190923,一份
65.0,215.0,3.1,8.0,5.3,0.1,32.5,14.6,156.0,蔓越莓卡士達丹麥捲,Starbucks,https://www.starbucks.com.tw/home/index.jspx,20190923,一份
107.0,196.0,5.8,8.4,2.0,0.0,24.2,6.7,178.0,地瓜堅果三明治,Starbucks,https://www.starbucks.com.tw/home/index.jspx,20190923,一份
60.0,528.0,6.1,28.5,18.1,0.1,61.9,59.6,83.0,星巴克金幣巧克力,Starbucks,https://www.starbucks.com.tw/home/index.jspx,20190923,一份
20.0,83.0,0.2,0.9,0.6,0.0,18.6,12.0,7.0,焦糖咖啡棒棒糖,Starbucks,https://www.starbucks.com.tw/home/index.jspx,20190923,一份
0.0,0.0,0.0,0.0,0.0,0.0,0.0,0.0,0.0,星巴克星願桶,Starbucks,https://www.starbucks.com.tw/home/index.jspx,20190923,一份
0.0,0.0,0.0,0.0,0.0,0.0,0.0,0.0,0.0,星巴克蝴蝶酥,Starbucks,https://www.starbucks.com.tw/home/index.jspx,20190923,一份
5.0,18.4,0.2,0.1,0.0,0.0,4.3,2.8,1.0,迷你煎蛋軟糖(香草橘子風味),Starbucks,https://www.starbucks.com.tw/home/index.jspx,20190923,一份
115.0,279.0,8.9,10.2,7.9,0.0,44.5,15.3,478.0,原味現烤鬆餅,Starbucks,https://www.starbucks.com.tw/home/index.jspx,20190923,一份
170.0,83.0,0.8,0.2,0.0,0.0,19.9,15.3,10.0,樂活水果杯,Starbucks,https://www.starbucks.com.tw/home/index.jspx,20190923,一份
175.0,351.0,21.0,6.3,3.5,0.0,52.3,0.0,651.0,法式芥茉雞肉三明治,Starbucks,https://www.starbucks.com.tw/home/index.jspx,20190923,一份
90.0,319.0,10.2,18.7,12.7,0.3,27.4,9.9,202.0,香草蘋果巧酥,Starbucks,https://www.starbucks.com.tw/home/index.jspx,20190923,一份
100.0,250.0,9.5,9.7,2.5,0.0,31.4,8.2,293.0,黑麥鮪魚三明治,Starbucks,https://www.starbucks.com.tw/home/index.jspx,20190923,一份
95.0,51.0,1.2,0.8,0.2,0.0,9.9,8.0,21.0,萵苣鮮沙拉,Starbucks,https://www.starbucks.com.tw/home/index.jspx,20190923,一份
171.0,328.0,12.5,12.5,2.6,0.0,41.6,0.0,833.0,炸雞青蔬捲餅,Starbucks,https://www.starbucks.com.tw/home/index.jspx,20190923,一份
120.0,327.0,8.5,7.3,4.6,0.1,56.6,11.2,528.0,蔓越莓乳酪麵包,Starbucks,https://www.starbucks.com.tw/home/index.jspx,20190923,一份
100.0,458.0,6.4,29.9,9.0,0.3,40.8,21.2,454.0,黑巧克力乳酪麥芬,Starbucks,https://www.starbucks.com.tw/home/index.jspx,20190923,一份
120.0,312.0,9.1,7.0,4.7,0.0,53.3,12.8,385.0,葡萄乾起司貝果,Starbucks,https://www.starbucks.com.tw/home/index.jspx,20190923,一份
60.0,304.0,5.2,17.3,9.4,0.1,31.9,11.9,202.0,三重奏餅乾,Starbucks,https://www.starbucks.com.tw/home/index.jspx,20190923,一份
5.0,18.0,0.3,0.1,0.0,0.0,4.0,2.5,1.0,QQ熊軟糖(零錢包),Starbucks,https://www.starbucks.com.tw/home/index.jspx,20190923,一份
0.9,4.0,0.01,0.01,0.01,0.0,0.9,0.0,0.0,星巴克薄荷糖(檸檬萊姆風味),Starbucks,https://www.starbucks.com.tw/home/index.jspx,20190923,一份
36.0,170.0,3.8,6.0,3.0,0.0,24.9,2.4,34.0,巧克力義大利脆餅,Starbucks,https://www.starbucks.com.tw/home/index.jspx,20190923,一份
36.0,171.0,3.7,6.0,2.9,0.0,25.6,3.5,35.0,焦糖義大利脆餅,Starbucks,https://www.starbucks.com.tw/home/index.jspx,20190923,一份
600.0,1584.0,27.0,72.6,36.6,1.2,205.2,78.0,330.0,6吋紫薯蒙布朗薄餅,Starbucks,https://www.starbucks.com.tw/home/index.jspx,20190923,一份
650.0,2041.0,37.1,147.6,59.8,2.0,141.7,107.3,358.0,6吋草莓布蕾蛋糕,Starbucks,https://www.starbucks.com.tw/home/index.jspx,20190923,一份
500.0,1345.0,24.0,81.0,71.5,0.0,130.0,89.5,510.0,六吋提拉米蘇,Starbucks,https://www.starbucks.com.tw/home/index.jspx,20190923,一份
155.0,332.0,20.0,10.7,2.6,0.0,38.8,4.6,761.0,照燒雞肉三明治,Starbucks,https://www.starbucks.com.tw/home/index.jspx,20190923,一份
550.0,1700.0,27.5,96.3,52.8,0.6,181.0,104.0,385.0,長條黑糖栗子蒙布朗,Starbucks,https://www.starbucks.com.tw/home/index.jspx,20190923,一份
120.0,240.0,11.3,5.4,1.3,0.0,36.6,2.8,1199.0,辣雞起司薄餅,Starbucks,https://www.starbucks.com.tw/home/index.jspx,20190923,一份
184.0,339.0,10.9,15.5,3.1,0.0,39.2,0.0,605.0,青蔬沙拉米捲餅,Starbucks,https://www.starbucks.com.tw/home/index.jspx,20190923,一份
95.0,263.0,3.1,11.2,6.1,0.1,37.1,18.8,28.0,法式藍莓塔,Starbucks,https://www.starbucks.com.tw/home/index.jspx,20190923,一份
100.0,396.0,3.0,4.5,1.4,0.0,85.9,48.3,135.0,酸口味軟糖(草莓風味),Starbucks,https://www.starbucks.com.tw/home/index.jspx,20190923,一份
79.2,493.0,4.7,20.3,16.4,0.0,72.8,33.2,195.0,草莓巧克酥捲,Starbucks,https://www.starbucks.com.tw/home/index.jspx,20190923,一份
100.0,402.0,12.2,27.4,13.1,1.0,26.7,4.3,557.0,起司里肌可頌,Starbucks,https://www.starbucks.com.tw/home/index.jspx,20190923,一份
80.0,240.0,6.0,16.7,10.0,0.2,16.3,6.6,35.0,法式千層薄餅,Starbucks,https://www.starbucks.com.tw/home/index.jspx,20190923,一份
100.0,264.0,3.8,7.8,1.9,0.0,44.7,2.8,441.0,火腿蛋沙拉三明治,Starbucks,https://www.starbucks.com.tw/home/index.jspx,20190923,一份
195.0,443.0,29.6,14.0,7.4,0.2,49.3,2.0,764.0,松露魚排堡,Starbucks,https://www.starbucks.com.tw/home/index.jspx,20190923,一份
75.0,326.0,7.0,19.0,10.0,0.0,32.0,12.0,260.0,杏仁可頌,Starbucks,https://www.starbucks.com.tw/home/index.jspx,20190923,一份
68.0,221.0,5.0,14.3,7.5,0.0,18.4,11.6,58.0,蜂蜜蛋糕捲,Starbucks,https://www.starbucks.com.tw/home/index.jspx,20190923,一份
95.0,218.0,4.1,10.1,4.9,0.0,27.6,18.0,48.0,芒果戚風蛋糕,Starbucks,https://www.starbucks.com.tw/home/index.jspx,20190923,一份
20.0,92.8,1.4,2.9,2.3,0.0,15.3,10.4,28.0,星冰樂捲心棒,Starbucks,https://www.starbucks.com.tw/home/index.jspx,20190923,一份
650.0,2022.0,42.3,126.8,71.0,2.0,177.5,57.2,520.0,6吋提拉米蘇千層薄餅,Starbucks,https://www.starbucks.com.tw/home/index.jspx,20190923,一份
340.0,1105.0,24.1,71.1,37.7,0.0,92.1,57.8,289.0,長條蜂蜜蛋糕捲,Starbucks,https://www.starbucks.com.tw/home/index.jspx,20190923,一份
120.0,257.0,14.4,9.2,3.0,0.0,29.0,0.0,461.0,美式培根蛋堡,Starbucks,https://www.starbucks.com.tw/home/index.jspx,20190923,一份
140.0,336.0,9.9,19.6,14.3,0.0,29.8,16.1,200.0,星巴克輕乳蛋糕,Starbucks,https://www.starbucks.com.tw/home/index.jspx,20190923,一份
130.0,103.0,3.4,4.0,2.6,0.0,13.3,9.2,45.0,藍莓果漿優格,Starbucks,https://www.starbucks.com.tw/home/index.jspx,20190923,一份
149.0,84.0,1.0,0.3,0.0,0.0,19.2,0.0,10.0,雙果巧拼,Starbucks,https://www.starbucks.com.tw/home/index.jspx,20190923,一份
160.0,445.0,17.0,23.0,12.0,0.0,42.0,5.0,856.0,雞肉可頌堡,Starbucks,https://www.starbucks.com.tw/home/index.jspx,20190923,一份
145.0,287.0,9.7,12.9,1.7,0.0,32.9,1.3,637.0,歐姆蛋嫩雞捲餅,Starbucks,https://www.starbucks.com.tw/home/index.jspx,20190923,一份
140.0,413.0,13.2,23.5,14.6,0.0,37.1,3.1,641.0,迷迭香雞肉可頌三明治,Starbucks,https://www.starbucks.com.tw/home/index.jspx,20190923,一份
100.0,252.0,8.1,15.1,6.9,0.0,21.0,4.2,375.0,義式臘腸烘蛋派,Starbucks,https://www.starbucks.com.tw/home/index.jspx,20190923,一份
210.0,252.0,6.7,14.7,1.7,0.0,23.5,4.4,519.0,凱薩雞肉藜麥沙拉,Starbucks,https://www.starbucks.com.tw/home/index.jspx,20190923,一份
85.0,278.0,6.9,16.6,9.0,0.2,25.3,7.6,52.0,抹茶千層薄餅,Starbucks,https://www.starbucks.com.tw/home/index.jspx,20190923,一份
150.0,416.0,17.9,20.3,11.4,0.0,40.5,4.2,768.0,焗烤法國先生三明治,Starbucks,https://www.starbucks.com.tw/home/index.jspx,20190923,一份
120.0,346.0,13.9,12.8,4.7,0.0,43.6,1.8,697.0,艾曼達乾酪里肌三明治,Starbucks,https://www.starbucks.com.tw/home/index.jspx,20190923,一份
90.0,293.0,3.9,16.6,10.3,0.3,32.2,9.2,264.0,南瓜派,Starbucks,https://www.starbucks.com.tw/home/index.jspx,20190923,一份
65.0,215.0,3.1,8.0,5.3,0.0,32.5,14.6,156.0,蔓越莓卡士達丹麥捲,Starbucks,https://www.starbucks.com.tw/home/index.jspx,20190923,一份
220.0,286.0,8.8,9.7,3.7,0.0,40.9,20.5,103.0,莓果燕麥優格,Starbucks,https://www.starbucks.com.tw/home/index.jspx,20190923,一份
120.0,353.0,4.2,0.6,0.0,0.0,82.7,55.9,23.0,萬聖節綜合水果風味軟糖,Starbucks,https://www.starbucks.com.tw/home/index.jspx,20190923,一份
85.0,252.0,4.6,16.1,6.9,0.0,22.2,9.7,94.0,芋泥派,Starbucks,https://www.starbucks.com.tw/home/index.jspx,20190923,一份
105.0,294.0,4.2,18.5,11.7,0.0,27.7,12.6,51.0,紫薯蒙布朗薄餅,Starbucks,https://www.starbucks.com.tw/home/index.jspx,20190923,一份
650.0,1970.0,38.4,104.7,69.6,1.3,219.7,115.1,377.0,6吋抹茶千層薄餅,Starbucks,https://www.starbucks.com.tw/home/index.jspx,20190923,一份
680.0,2013.0,36.7,128.5,55.1,0.0,177.5,77.5,748.0,9吋芋泥派,Starbucks,https://www.starbucks.com.tw/home/index.jspx,20190923,一份
85.0,423.0,6.9,29.1,16.1,0.0,33.6,4.9,161.0,國王派,Starbucks,https://www.starbucks.com.tw/home/index.jspx,20190923,一份
420.0,1546.0,27.0,64.3,33.6,1.7,214.2,91.6,655.0,潘娜朵尼水果麵包,Starbucks,https://www.starbucks.com.tw/home/index.jspx,20190923,一份
80.0,278.0,7.3,11.0,5.7,0.0,36.6,9.1,238.0,巧克力樹幹麵包,Starbucks,https://www.starbucks.com.tw/home/index.jspx,20190923,一份
190.0,376.0,19.6,12.9,4.9,0.0,45.6,4.2,781.0,青醬牛肉佛卡夏,Starbucks,https://www.starbucks.com.tw/home/index.jspx,20190923,一份
45.0,189.0,2.8,11.5,7.7,0.2,18.5,12.6,86.0,橙香起司布朗尼,Starbucks,https://www.starbucks.com.tw/home/index.jspx,20190923,一份
150.0,570.0,8.3,30.9,18.5,0.2,64.8,27.6,75.0,蒙布朗聖諾黑,Starbucks,https://www.starbucks.com.tw/home/index.jspx,20190923,一份
90.0,274.0,6.9,15.9,9.4,0.2,25.7,7.5,57.0,繽紛耶誕薄餅,Starbucks,https://www.starbucks.com.tw/home/index.jspx,20190923,一份
80.0,288.0,4.9,17.1,8.7,0.4,28.6,14.2,130.0,爐烤檸檬起士塔,Starbucks,https://www.starbucks.com.tw/home/index.jspx,20190923,一份
65.0,200.0,4.7,11.4,6.7,0.1,19.6,10.8,66.0,經典奶油捲,Starbucks,https://www.starbucks.com.tw/home/index.jspx,20190923,一份
330.0,1013.0,23.8,57.8,34.0,0.0,99.7,54.8,337.0,長條經典奶油捲,Starbucks,https://www.starbucks.com.tw/home/index.jspx,20190923,一份
200.0,696.0,18.2,28.6,14.2,0.0,91.6,22.8,594.0,長條巧克力樹幹麵包,Starbucks,https://www.starbucks.com.tw/home/index.jspx,20190923,一份
100.0,418.0,3.3,13.2,8.1,0.0,71.4,43.3,8.0,草莓巧克力,Starbucks,https://www.starbucks.com.tw/home/index.jspx,20190923,一份
80.0,430.0,4.6,14.4,8.9,0.0,70.5,51.6,13.0,椰棗巧克力,Starbucks,https://www.starbucks.com.tw/home/index.jspx,20190923,一份
100.0,399.0,0.2,0.0,0.0,0.0,99.6,69.2,4.0,星巴克糖果罐,Starbucks,https://www.starbucks.com.tw/home/index.jspx,20190923,一份
100.0,126.0,1.6,5.7,3.7,0.0,17.2,10.8,65.0,啤酒巧克力,Starbucks,https://www.starbucks.com.tw/home/index.jspx,20190923,一份
100.0,506.0,6.3,22.9,14.9,0.1,68.6,43.1,261.0,三色巧克力餅乾,Starbucks,https://www.starbucks.com.tw/home/index.jspx,20190923,一份
100.0,336.0,5.1,0.0,0.0,0.0,78.9,47.7,15.0,松露造型水果軟糖,Starbucks,https://www.starbucks.com.tw/home/index.jspx,20190923,一份
110.0,356.0,3.9,0.8,0.0,0.0,83.4,52.3,75.0,耶誕雪人棉花糖,Starbucks,https://www.starbucks.com.tw/home/index.jspx,20190923,一份
40.0,519.0,5.1,28.8,2.4,0.0,58.6,1.2,560.0,波滋洋芋片西班牙臘腸,Starbucks,https://www.starbucks.com.tw/home/index.jspx,20190923,一份
40.0,730.4,18.3,69.2,6.7,0.0,8.6,2.1,15.0,原味核桃,Starbucks,https://www.starbucks.com.tw/home/index.jspx,20190923,一份
120.0,363.0,4.1,1.4,0.0,0.0,83.4,45.4,15.0,耶誕日曆軟糖,Starbucks,https://www.starbucks.com.tw/home/index.jspx,20190923,一份
22.5,400.0,0.4,0.8,0.8,0.0,97.7,0.0,1.0,星巴克薄荷糖(紅石榴綠茶風味),Starbucks,https://www.starbucks.com.tw/home/index.jspx,20190923,一份
12.5,406.0,2.5,13.2,7.8,0.0,69.4,64.9,4.0,啤酒巧克力,Starbucks,https://www.starbucks.com.tw/home/index.jspx,20190923,一份
135.0,359.0,6.5,1.8,0.0,0.0,79.1,50.1,13.0,QQ熊軟糖,Starbucks,https://www.starbucks.com.tw/home/index.jspx,20190923,一份
145.0,478.0,17.1,24.4,14.0,0.0,47.6,6.2,706.0,蔓越莓菠菜雞肉可頌堡,Starbucks,https://www.starbucks.com.tw/home/index.jspx,20190923,一份
90.0,253.0,7.7,17.1,11.0,0.2,17.1,1.7,381.0,菠菜洋菇鹹派,Starbucks,https://www.starbucks.com.tw/home/index.jspx,20190923,一份
120.0,324.0,12.5,13.9,4.9,0.0,37.2,2.8,690.0,泰式風味豬肉帕里尼,Starbucks,https://www.starbucks.com.tw/home/index.jspx,20190923,一份
165.0,396.0,18.0,11.2,6.2,0.2,55.6,4.3,855.0,洋蔥牛肉薄餅,Starbucks,https://www.starbucks.com.tw/home/index.jspx,20190923,一份
55.0,211.0,3.7,14.7,8.2,0.3,16.1,6.8,86.0,乳酪塔,Starbucks,https://www.starbucks.com.tw/home/index.jspx,20190923,一份
55.0,220.0,4.7,9.7,6.5,0.2,28.5,8.2,266.0,巧克力橘丁司康,Starbucks,https://www.starbucks.com.tw/home/index.jspx,20190923,一份
100.0,257.0,3.7,17.8,9.7,0.1,20.5,13.8,36.0,草莓戚風蛋糕,Starbucks,https://www.starbucks.com.tw/home/index.jspx,20190923,一份
100.0,277.0,5.7,18.9,10.3,0.1,21.0,13.7,47.0,抹茶草莓捲,Starbucks,https://www.starbucks.com.tw/home/index.jspx,20190923,一份
110.0,356.0,4.7,21.5,14.9,0.2,36.0,15.7,30.0,草莓塔,Starbucks,https://www.starbucks.com.tw/home/index.jspx,20190923,一份
95.0,403.0,6.2,26.6,19.9,0.3,34.7,21.8,111.0,岩漿巧克力蛋糕,Starbucks,https://www.starbucks.com.tw/home/index.jspx,20190923,一份
130.0,103.0,3.2,3.4,2.0,0.0,14.8,9.0,42.0,草莓果漿優格,Starbucks,https://www.starbucks.com.tw/home/index.jspx,20190923,一份
79.2,493.0,4.7,20.3,16.4,0.0,72.8,33.2,195.0,星巴克星願桶,Starbucks,https://www.starbucks.com.tw/home/index.jspx,20190923,一份
165.0,294.0,13.0,10.9,5.0,0.2,36.0,7.9,741.0,燒肉起司堡,Starbucks,https://www.starbucks.com.tw/home/index.jspx,20190923,一份
220.0,449.0,9.9,26.4,2.4,0.0,42.9,3.3,640.0,青醬鮮蔬蝴蝶冷麵,Starbucks,https://www.starbucks.com.tw/home/index.jspx,20190923,一份
280.0,294.0,16.8,4.2,0.0,0.0,47.3,7.8,890.0,泰式酸辣雞肉冷麵,Starbucks,https://www.starbucks.com.tw/home/index.jspx,20190923,一份
220.0,282.0,10.8,16.1,2.0,0.0,23.5,10.6,326.0,馬鈴薯炒蛋罐沙拉,Starbucks,https://www.starbucks.com.tw/home/index.jspx,20190923,一份
105.0,391.0,9.1,14.9,7.6,0.0,55.0,20.8,173.0,肉桂捲,Starbucks,https://www.starbucks.com.tw/home/index.jspx,20190923,一份
40.0,332.0,4.1,0.4,0.0,0.0,78.0,46.9,31.0,櫻花提袋禮(草莓風味棉花糖),Starbucks,https://www.starbucks.com.tw/home/index.jspx,20190923,一份
40.0,432.5,18.5,14.9,1.8,0.0,56.1,3.0,458.0,星巴克五穀堅果棒(海苔藜麥),Starbucks,https://www.starbucks.com.tw/home/index.jspx,20190923,一份
85.0,256.0,7.0,16.2,8.6,0.2,20.6,15.0,94.0,可可輕乳蛋糕,Starbucks,https://www.starbucks.com.tw/home/index.jspx,20190923,一份
90.0,314.0,5.6,19.3,10.2,0.3,29.7,15.2,77.0,蘋果派,Starbucks,https://www.starbucks.com.tw/home/index.jspx,20190923,一份
40.0,363.0,4.1,1.4,0.0,0.0,83.4,45.4,15.0,周年慶零錢包,Starbucks,https://www.starbucks.com.tw/home/index.jspx,20190923,一份
105.0,266.0,4.3,17.0,11.8,0.1,23.8,9.2,44.0,芋泥布丁薄餅,Starbucks,https://www.starbucks.com.tw/home/index.jspx,20190923,一份
90.0,227.0,4.9,12.8,8.3,0.1,23.0,20.3,52.0,蘋果白桃慕斯,Starbucks,https://www.starbucks.com.tw/home/index.jspx,20190923,一份
90.0,338.0,5.2,22.7,14.9,0.4,28.2,14.0,97.0,提拉米蘇;;中杯那堤 Caff é Latte,Starbucks,https://www.starbucks.com.tw/home/index.jspx,20190923,一份
70.0,256.0,3.9,17.4,10.9,0.0,21.0,13.7,69.0,抹茶乳酪蛋糕,Starbucks,https://www.starbucks.com.tw/home/index.jspx,20190923,一份
185.0,361.0,12.0,11.7,3.7,0.0,51.8,1.5,740.0,松子香椿菇堡,Starbucks,https://www.starbucks.com.tw/home/index.jspx,20190923,一份
140.0,349.0,15.1,13.2,3.8,0.0,42.3,3.6,479.0,鮮蔬魚排三明治,Starbucks,https://www.starbucks.com.tw/home/index.jspx,20190923,一份
650.0,1638.0,35.1,92.3,59.8,0.6,166.4,146.9,377.0,6吋蘋果白桃慕斯,Starbucks,https://www.starbucks.com.tw/home/index.jspx,20190923,一份
650.0,1644.0,26.6,105.3,72.8,0.6,147.6,57.2,273.0,6吋芋泥布丁薄餅,Starbucks,https://www.starbucks.com.tw/home/index.jspx,20190923,一份
450.0,1620.0,24.3,112.0,71.1,0.0,128.0,86.0,414.0,6吋抹茶乳酪蛋糕,Starbucks,https://www.starbucks.com.tw/home/index.jspx,20190923,一份
500.0,1876.0,29.0,126.0,83.0,2.3,156.5,78.0,540.0,6吋提拉米蘇,Starbucks,https://www.starbucks.com.tw/home/index.jspx,20190923,一份
560.0,1683.0,45.9,106.4,56.6,1.1,135.5,98.6,622.0,6吋可可輕乳蛋糕,Starbucks,https://www.starbucks.com.tw/home/index.jspx,20190923,一份
300.0,73.2,2.1,0.0,0.0,0.0,16.2,15.0,176.0,紅色蔬菜綜合果汁,Starbucks,https://www.starbucks.com.tw/home/index.jspx,20190923,一份
50.0,261.0,2.5,3.8,0.8,0.0,54.3,19.7,23.0,夏日都會星冰粽禮盒(6入),Starbucks,https://www.starbucks.com.tw/home/index.jspx,20190923,一份
50.0,261.0,2.5,3.8,0.8,0.0,54.3,19.7,23.0,夏日沁涼星冰粽禮盒(12入),Starbucks,https://www.starbucks.com.tw/home/index.jspx,20190923,一份
230.0,202.0,5.0,7.0,1.0,0.0,29.7,12.7,65.0,莓果優格燕麥禮盒,Starbucks,https://www.starbucks.com.tw/home/index.jspx,20190923,一份
130.0,422.0,14.7,25.2,12.3,0.0,34.2,4.3,628.0,培根蛋起司可頌堡,Starbucks,https://www.starbucks.com.tw/home/index.jspx,20190923,一份
79.0,373.0,6.7,20.9,1.4,0.0,39.5,13.8,230.0,甜心菠蘿可頌,Starbucks,https://www.starbucks.com.tw/home/index.jspx,20190923,一份
150.0,431.0,19.0,23.4,7.2,0.0,36.2,3.9,784.0,BBQ雞肉薄餅,Starbucks,https://www.starbucks.com.tw/home/index.jspx,20190923,一份
145.0,287.0,9.7,12.9,1.7,0.0,32.9,1.3,637.0,歐姆蛋嫩雞捲餅,Starbucks,https://www.starbucks.com.tw/home/index.jspx,20190923,一份
55.0,168.0,3.6,9.7,4.3,0.0,16.5,9.7,112.0,伯爵大人戚風蛋糕,Starbucks,https://www.starbucks.com.tw/home/index.jspx,20190923,一份
1.0,1.0,11.0,1.0,1.0,1.0,1.0,1.0,1.0,培根蛋起司可頌堡;;中杯那堤 Caffe Latte,Starbucks,https://www.starbucks.com.tw/home/index.jspx,20190923,一份
111.0,111.0,11.0,11.0,11.0,11.0,11.0,11.0,11.0,BBQ 雞肉薄餅;;中杯那堤 Caff é Latte,Starbucks,https://www.starbucks.com.tw/home/index.jspx,20190923,一份
111.0,111.0,111.0,111.0,111.0,111.0,111.0,111.0,111.0,單球草莓覆盆莓冰淇淋 4 oz,Starbucks,https://www.starbucks.com.tw/home/index.jspx,20190923,一份
140.0,349.0,15.1,13.2,3.8,0.0,42.3,3.6,479.0,鮮蔬魚排三明治;;紅色蔬菜綜合果汁 Ruby Red,Starbucks,https://www.starbucks.com.tw/home/index.jspx,20190923,一份
185.0,361.0,12.0,11.7,3.7,0.0,51.8,1.5,740.0,松子香椿菇堡;;中杯那堤 Caff é Latte,Starbucks,https://www.starbucks.com.tw/home/index.jspx,20190923,一份
280.0,294.0,16.8,4.2,0.0,0.0,47.3,8.8,890.0,泰式酸辣雞肉冷麵;;中杯那堤 Caff é Latte,Starbucks,https://www.starbucks.com.tw/home/index.jspx,20190923,一份
220.0,449.0,9.9,26.4,2.4,0.0,42.9,3.3,640.0,青醬鮮蔬蝴蝶冷麵;;中杯那堤 Caff é Latte,Starbucks,https://www.starbucks.com.tw/home/index.jspx,20190923,一份
85.0,278.0,6.9,16.6,9.0,0.2,25.3,7.6,52.0,抹茶千層薄餅;;中杯那堤 Caff é Latte,Starbucks,https://www.starbucks.com.tw/home/index.jspx,20190923,一份
95.0,218.0,4.1,10.1,4.9,0.0,27.6,18.0,48.0,芒果戚風蛋糕;;中杯那堤 Caff é Latte,Starbucks,https://www.starbucks.com.tw/home/index.jspx,20190923,一份
90.0,338.0,5.2,22.7,14.9,0.4,28.2,14.0,97.0,提拉米蘇;;中杯那堤 Caff é Latte,Starbucks,https://www.starbucks.com.tw/home/index.jspx,20190923,一份
100.0,285.0,6.0,17.4,12.2,0.5,26.2,7.6,85.0,提拉米蘇千層薄餅;;中杯那堤 Caff é Latte,Starbucks,https://www.starbucks.com.tw/home/index.jspx,20190923,一份
500.0,1625.0,26.0,118.5,81.0,1.0,113.5,64.0,240.0,六吋抹茶芝麻薄餅,Starbucks,https://www.starbucks.com.tw/home/index.jspx,20190923,一份
460.0,1720.0,211.0,103.5,59.8,2.1,167.0,88.0,106.0,六吋奶酒那堤布蕾塔,Starbucks,https://www.starbucks.com.tw/home/index.jspx,20190923,一份
540.0,1191.0,21.6,86.1,56.1,1.8,81.9,69.0,201.0,星巴克綜合布丁,Starbucks,https://www.starbucks.com.tw/home/index.jspx,20190923,一份
68.0,260.0,4.5,15.2,2.1,0.0,26.2,11.1,220.0,荷蘭風味小鬆餅,Starbucks,https://www.starbucks.com.tw/home/index.jspx,20190923,一份
50.0,188.0,4.4,11.6,4.2,0.1,16.6,8.8,128.0,爐烤起司蛋糕,Starbucks,https://www.starbucks.com.tw/home/index.jspx,20190923,一份
80.0,260.0,4.2,19.0,13.0,0.2,18.2,10.2,38.0,抹茶芝麻薄餅;;中杯那堤 Caff é Latte,Starbucks,https://www.starbucks.com.tw/home/index.jspx,20190923,一份
55.0,168.0,3.6,9.7,4.3,0.0,16.5,9.7,112.0,伯爵大人戚風蛋糕;;中杯那堤 Caff é Latte,Starbucks,https://www.starbucks.com.tw/home/index.jspx,20190923,一份
160.0,389.0,18.2,21.0,5.3,0.1,31.8,8.8,626.0,黑布里歐漢堡排堡,Starbucks,https://www.starbucks.com.tw/home/index.jspx,20190923,一份
175.0,346.0,11.7,15.6,4.2,0.0,39.7,1.6,670.0,韓式泡菜豬肉捲餅,Starbucks,https://www.starbucks.com.tw/home/index.jspx,20190923,一份
120.0,348.0,10.9,13.1,6.4,0.1,46.7,5.2,534.0,起司核桃麵包,Starbucks,https://www.starbucks.com.tw/home/index.jspx,20190923,一份
85.0,240.0,7.7,4.1,1.8,0.0,43.1,12.5,271.0,葡萄吐司,Starbucks,https://www.starbucks.com.tw/home/index.jspx,20190923,一份
200.0,240.0,6.4,14.0,1.6,0.0,22.2,4.2,494.0,凱薩雞肉藜麥沙拉,Starbucks,https://www.starbucks.com.tw/home/index.jspx,20190923,一份
60.0,321.0,5.3,18.0,5.8,0.0,34.4,20.7,105.0,杏仁手工餅乾,Starbucks,https://www.starbucks.com.tw/home/index.jspx,20190923,一份
90.0,203.0,3.4,15.0,9.9,0.4,13.3,11.6,24.0,原味布丁,Starbucks,https://www.starbucks.com.tw/home/index.jspx,20190923,一份
90.0,194.0,3.8,13.7,8.8,0.2,14.0,11.4,43.0,抹茶布丁,Starbucks,https://www.starbucks.com.tw/home/index.jspx,20190923,一份
80.0,260.0,4.2,19.0,13.0,0.2,18.2,10.2,38.0,抹茶芝麻薄餅,Starbucks,https://www.starbucks.com.tw/home/index.jspx,20190923,一份
70.0,262.0,4.1,15.8,9.1,0.3,25.8,13.5,106.0,奶酒那堤布蕾塔,Starbucks,https://www.starbucks.com.tw/home/index.jspx,20190923,一份
130.0,106.0,3.2,3.6,2.3,0.0,15.1,11.4,47.0,櫻桃藍莓果漿優格,Starbucks,https://www.starbucks.com.tw/home/index.jspx,20190923,一份
0.0,0.0,0.0,0.0,0.0,0.0,0.0,0.0,0.0,月光寶盒 ,Starbucks,https://www.starbucks.com.tw/home/index.jspx,20190923,一份
0.0,0.0,0.0,0.0,0.0,0.0,0.0,0.0,0.0,月光風華 ,Starbucks,https://www.starbucks.com.tw/home/index.jspx,20190923,一份
50.0,222.0,4.0,13.3,9.3,0.2,21.6,3.2,157.0,法式原味可頌,Starbucks,https://www.starbucks.com.tw/home/index.jspx,20190923,一份
0.0,0.0,0.0,0.0,0.0,0.0,0.0,0.0,0.0,月光花園 ,Starbucks,https://www.starbucks.com.tw/home/index.jspx,20190923,一份
0.0,0.0,0.0,0.0,0.0,0.0,0.0,0.0,0.0,月光小夜曲,Starbucks,https://www.starbucks.com.tw/home/index.jspx,20190923,一份
0.0,0.0,0.0,0.0,0.0,0.0,0.0,0.0,0.0,夾心蛋糕禮盒 ,Starbucks,https://www.starbucks.com.tw/home/index.jspx,20190923,一份
0.0,0.0,0.0,0.0,0.0,0.0,0.0,0.0,0.0,月光樂園   ,Starbucks,https://www.starbucks.com.tw/home/index.jspx,20190923,一份
520.0,1903.0,27.0,116.0,64.5,0.0,187.7,126.4,322.0,六吋咖啡巧克力松露蛋糕,Starbucks,https://www.starbucks.com.tw/home/index.jspx,20190923,一份
45.0,184.0,2.9,7.1,3.7,0.0,27.2,18.6,71.0,糖霜檸檬蛋糕Bar,Starbucks,https://www.starbucks.com.tw/home/index.jspx,20190923,一份
60.0,315.0,4.9,18.1,7.9,0.2,33.2,12.3,137.0,蔓越莓手工餅乾,Starbucks,https://www.starbucks.com.tw/home/index.jspx,20190923,一份
40.0,255.0,3.6,15.3,10.9,0.2,25.7,9.7,201.0,蘭姆葡萄千層派,Starbucks,https://www.starbucks.com.tw/home/index.jspx,20190923,一份
1.0,1.0,1.0,1.0,1.0,1.0,1.0,1.0,1.0,黑可可起司麥芬,Starbucks,https://www.starbucks.com.tw/home/index.jspx,20190923,一份
65.0,224.0,4.2,9.3,5.4,0.0,30.8,10.1,226.0,美式奶油鬆餅(附鮮奶油與摩卡醬),Starbucks,https://www.starbucks.com.tw/home/index.jspx,20190923,一份
100.0,343.3,4.1,1.3,0.0,0.0,78.8,60.3,48.0,萬聖節棉花糖,Starbucks,https://www.starbucks.com.tw/home/index.jspx,20190923,一份
0.0,0.0,0.0,0.0,0.0,0.0,0.0,0.0,0.0,茶瓦納洋甘菊花草茶,Starbucks,https://www.starbucks.com.tw/home/index.jspx,20190923,一份
0.0,0.0,0.0,0.0,0.0,0.0,0.0,0.0,0.0,茶瓦納英式紅茶,Starbucks,https://www.starbucks.com.tw/home/index.jspx,20190923,一份
95.0,273.0,9.4,4.9,2.7,0.0,47.6,8.3,462.0,軟法麵包,Starbucks,https://www.starbucks.com.tw/home/index.jspx,20190923,一份
45.0,256.0,5.3,17.2,10.8,0.0,20.2,9.8,4.0,77%巧克力,Starbucks,https://www.starbucks.com.tw/home/index.jspx,20190923,一份
42.0,220.0,3.1,13.2,8.4,0.0,22.3,16.1,13.0,佛羅娜咖啡巧克力,Starbucks,https://www.starbucks.com.tw/home/index.jspx,20190923,一份
50.0,428.0,3.7,11.4,7.8,0.2,77.7,46.0,468.0,焦糖軟糖,Starbucks,https://www.starbucks.com.tw/home/index.jspx,20190923,一份
100.0,525.0,5.3,28.3,17.4,0.4,62.3,31.7,221.0,香草夾心餅乾,Starbucks,https://www.starbucks.com.tw/home/index.jspx,20190923,一份
75.0,356.0,3.9,0.8,0.0,0.0,83.4,52.3,75.0,耶誕雪人棉花糖,Starbucks,https://www.starbucks.com.tw/home/index.jspx,20190923,一份
120.0,531.0,5.6,30.3,19.2,0.0,59.0,39.1,122.0,雪茄巧克捲,Starbucks,https://www.starbucks.com.tw/home/index.jspx,20190923,一份
140.0,372.0,15.3,14.6,6.6,0.0,45.1,3.4,693.0,法式牛肉三明治,Starbucks,https://www.starbucks.com.tw/home/index.jspx,20190923,一份
85.0,355.0,5.9,17.4,9.4,0.2,43.7,15.1,187.0,焦糖丹麥麵包,Starbucks,https://www.starbucks.com.tw/home/index.jspx,20190923,一份
85.0,322.0,4.7,19.6,10.3,0.1,32.0,13.8,43.0,德式烤布蕾,Starbucks,https://www.starbucks.com.tw/home/index.jspx,20190923,一份
120.0,367.0,4.1,18.5,12.6,0.2,46.1,19.3,26.0,蒙布朗栗子塔,Starbucks,https://www.starbucks.com.tw/home/index.jspx,20190923,一份
200.0,718.0,7.6,56.4,23.0,0.9,45.0,28.6,430.0,藍莓起司蛋糕,Starbucks,https://www.starbucks.com.tw/home/index.jspx,20190923,一份
90.0,218.0,3.7,16.5,10.5,0.4,13.6,12.2,34.0,巧克力布丁,Starbucks,https://www.starbucks.com.tw/home/index.jspx,20190923,一份
100.0,345.0,5.8,22.8,15.7,0.4,29.2,17.1,105.0,鹽味焦糖脆脆捲,Starbucks,https://www.starbucks.com.tw/home/index.jspx,20190923,一份
330.0,1379.0,22.8,67.7,36.3,0.7,169.6,58.7,726.0,焦糖丹麥禮物包,Starbucks,https://www.starbucks.com.tw/home/index.jspx,20190923,一份
540.0,1263.0,21.3,94.5,61.2,2.4,80.7,71.4,174.0,星巴克綜合布丁,Starbucks,https://www.starbucks.com.tw/home/index.jspx,20190923,一份
65.0,283.0,3.8,18.5,11.7,0.1,25.4,14.3,166.0,焦糖海鹽可可塔,Starbucks,https://www.starbucks.com.tw/home/index.jspx,20190923,一份
100.0,351.0,4.7,27.7,17.1,0.4,20.6,10.2,41.0,經典千層薄餅(含白蘭地),Starbucks,https://www.starbucks.com.tw/home/index.jspx,20190923,一份
48.0,274.0,5.0,19.6,10.7,0.1,19.4,10.5,144.0,星巴克餅乾咖啡 (含一份典藏濃縮與甜香草籽奶油),Starbucks,https://www.starbucks.com.tw/home/index.jspx,20190923,一份
270.0,311.0,14.6,10.8,1.1,0.0,38.9,2.4,516.0,香料烤雞溫野菜,Starbucks,https://www.starbucks.com.tw/home/index.jspx,20190923,一份
75.0,203.0,7.9,1.7,0.5,0.0,39.0,1.7,231.0,香料橄欖麵包,Starbucks,https://www.starbucks.com.tw/home/index.jspx,20190923,一份
80.0,605.0,12.6,43.9,16.0,0.0,39.8,12.3,99.0,耶誕白巧克力杏仁捲,Starbucks,https://www.starbucks.com.tw/home/index.jspx,20190923,一份
130.0,403.0,5.9,26.9,14.4,0.0,34.4,25.4,104.0,草莓巧克力蛋糕,Starbucks,https://www.starbucks.com.tw/home/index.jspx,20190923,一份
120.0,283.0,4.2,20.6,12.0,0.2,20.3,11.6,42.0,繽紛水果薄餅,Starbucks,https://www.starbucks.com.tw/home/index.jspx,20190923,一份
90.0,203.0,3.4,15.0,9.9,0.4,13.3,11.6,24.0,原味布丁,Starbucks,https://www.starbucks.com.tw/home/index.jspx,20190923,一份
110.0,288.0,10.4,0.0,0.0,0.0,61.6,7.5,440.0,藍莓貝果,Starbucks,https://www.starbucks.com.tw/home/index.jspx,20190923,一份
90.0,218.0,3.7,16.5,10.5,0.4,13.6,12.2,34.0,巧克力布丁,Starbucks,https://www.starbucks.com.tw/home/index.jspx,20190923,一份
145.0,426.0,13.5,25.5,13.7,0.0,35.7,4.4,610.0,菠菜起司蛋可頌堡,Starbucks,https://www.starbucks.com.tw/home/index.jspx,20190923,一份
85.0,283.0,8.0,9.4,5.9,0.1,42.2,12.2,167.0,草莓巧克力風味麵包,Starbucks,https://www.starbucks.com.tw/home/index.jspx,20190923,一份
110.0,297.0,8.7,21.8,11.9,0.0,16.5,1.3,457.0,菠菜洋菇鹹派,Starbucks,https://www.starbucks.com.tw/home/index.jspx,20190923,一份
86.0,270.0,9.0,7.0,1.9,0.0,42.7,9.2,310.0,堅果葡萄麵包,Starbucks,https://www.starbucks.com.tw/home/index.jspx,20190923,一份
75.0,251.0,5.2,13.6,7.5,0.0,27.0,4.7,327.0,青醬丹麥捲,Starbucks,https://www.starbucks.com.tw/home/index.jspx,20190923,一份
85.0,305.0,3.2,24.0,9.8,0.4,19.1,12.2,183.0,藍莓起司蛋糕,Starbucks,https://www.starbucks.com.tw/home/index.jspx,20190923,一份
60.0,297.0,3.1,14.5,7.9,0.0,38.6,18.3,150.0,棉花糖巧克力餅乾,Starbucks,https://www.starbucks.com.tw/home/index.jspx,20190923,一份
180.0,508.0,11.7,23.9,14.4,0.3,61.5,30.1,312.0,海苔肉鬆薄餅,Starbucks,https://www.starbucks.com.tw/home/index.jspx,20190923,一份
20.0,528.0,6.1,28.5,18.1,0.1,61.9,59.6,83.0,金幣巧克力,Starbucks,https://www.starbucks.com.tw/home/index.jspx,20190923,一份
30.0,387.2,0.2,1.2,0.0,0.0,93.9,53.0,43.0,水果軟糖(柑橘風味),Starbucks,https://www.starbucks.com.tw/home/index.jspx,20190923,一份
70.0,246.0,3.5,16.9,10.2,0.0,20.0,11.9,64.0,抹茶起司蛋糕,Starbucks,https://www.starbucks.com.tw/home/index.jspx,20190923,一份
140.0,336.0,9.9,19.6,14.3,0.0,29.8,16.1,200.0,20週年紀念蛋糕,Starbucks,https://www.starbucks.com.tw/home/index.jspx,20190923,一份
90.0,182.0,3.3,12.8,8.3,0.4,13.2,11.2,39.0,黑糖地瓜布丁,Starbucks,https://www.starbucks.com.tw/home/index.jspx,20190923,一份
65.0,247.0,3.4,16.1,10.1,0.2,25.0,14.0,102.0,甜柚香檸塔,Starbucks,https://www.starbucks.com.tw/home/index.jspx,20190923,一份
90.0,323.0,3.8,24.5,15.6,0.3,22.0,14.0,33.0,櫻桃黑森林薄餅,Starbucks,https://www.starbucks.com.tw/home/index.jspx,20190923,一份
220.0,282.0,8.4,8.6,4.4,0.0,42.7,22.9,119.0,雙果抹茶燕麥優格,Starbucks,https://www.starbucks.com.tw/home/index.jspx,20190923,一份
130.0,306.0,14.0,10.3,2.7,0.0,39.1,0.0,484.0,肉蛋吐司,Starbucks,https://www.starbucks.com.tw/home/index.jspx,20190923,一份
270.0,311.0,14.6,10.8,1.1,0.0,38.9,2.4,516.0,香料烤雞溫野菜,Starbucks,https://www.starbucks.com.tw/home/index.jspx,20190923,一份
150.0,323.0,17.4,12.2,5.6,0.0,36.4,7.6,543.0,瑪莎蔓咖哩豬肉堡,Starbucks,https://www.starbucks.com.tw/home/index.jspx,20190923,一份
60.0,301.0,3.2,14.9,8.7,0.0,38.3,20.6,147.0,棉花糖巧克力餅乾,Starbucks,https://www.starbucks.com.tw/home/index.jspx,20190923,一份
120.0,352.0,4.1,24.2,14.6,0.2,29.3,15.2,52.0,黑糖金薯薄餅,Starbucks,https://www.starbucks.com.tw/home/index.jspx,20190923,一份
80.0,243.0,4.4,16.0,6.6,0.1,20.2,12.6,106.0,抹茶戚風蛋糕,Starbucks,https://www.starbucks.com.tw/home/index.jspx,20190923,一份
750.0,2146.0,23.3,145.5,86.2,1.5,186.0,107.3,330.0,6吋黑糖金薯薄餅,Starbucks,https://www.starbucks.com.tw/home/index.jspx,20190923,一份
900.0,3233.0,37.8,244.8,155.7,2.7,219.6,139.5,333.0,8吋櫻桃黑森林薄餅,Starbucks,https://www.starbucks.com.tw/home/index.jspx,20190923,一份
105.0,391.0,9.1,14.9,7.6,0.4,55.0,20.8,173.0,楓糖肉桂捲,Starbucks,https://www.starbucks.com.tw/home/index.jspx,20190923,一份
480.0,1848.0,20.2,145.9,73.4,2.4,113.3,65.3,947.0,6吋藍莓起司蛋糕,Starbucks,https://www.starbucks.com.tw/home/index.jspx,20190923,一份
450.0,1539.0,24.3,104.0,63.9,0.0,127.0,70.7,351.0,6吋抹茶起司蛋糕,Starbucks,https://www.starbucks.com.tw/home/index.jspx,20190923,一份
700.0,2139.0,36.4,134.4,60.9,0.7,196.0,124.6,826.0,8吋抹茶戚風蛋糕,Starbucks,https://www.starbucks.com.tw/home/index.jspx,20190923,一份
1480.0,1204.0,36.8,41.4,26.8,0.0,170.2,112.6,514.0,星巴克優格禮盒,Starbucks,https://www.starbucks.com.tw/home/index.jspx,20190923,一份
300.0,357.0,14.1,8.1,1.2,0.0,57.0,0.3,939.0,炸雞豆皮烏龍冷麵,Starbucks,https://www.starbucks.com.tw/home/index.jspx,20190923,一份
120.0,333.0,10.3,6.2,0.9,0.0,59.0,18.1,442.0,桂圓核桃麵包,Starbucks,https://www.starbucks.com.tw/home/index.jspx,20190923,一份
117.0,457.0,8.2,31.8,19.8,0.9,34.5,21.2,301.0,經典起司蛋糕,Starbucks,https://www.starbucks.com.tw/home/index.jspx,20190923,一份
90.0,182.0,3.3,12.8,8.3,0.4,13.2,11.2,39.0,黑糖地瓜布丁,Starbucks,https://www.starbucks.com.tw/home/index.jspx,20190923,一份
90.0,203.0,3.4,15.0,9.9,0.4,13.3,11.6,24.0,原味布丁,Starbucks,https://www.starbucks.com.tw/home/index.jspx,20190923,一份
50.0,120.0,0.4,2.4,1.7,0.0,24.2,11.4,6.0,黃豆卡士達星蕨餅,Starbucks,https://www.starbucks.com.tw/home/index.jspx,20190923,一份
50.0,114.0,0.2,1.7,1.5,0.0,24.5,11.6,6.0,和風抹茶星蕨餅,Starbucks,https://www.starbucks.com.tw/home/index.jspx,20190923,一份
160.0,438.0,13.3,25.8,9.4,0.0,38.2,7.8,731.0,火腿蛋可頌堡,Starbucks,https://www.starbucks.com.tw/home/index.jspx,20190923,一份
100.0,255.0,8.2,11.2,1.7,0.0,30.3,1.0,418.0,布里歐菇菇蛋,Starbucks,https://www.starbucks.com.tw/home/index.jspx,20190923,一份
115.0,320.0,7.5,14.0,5.8,0.0,41.1,16.2,253.0,蘋果卡士達吐司,Starbucks,https://www.starbucks.com.tw/home/index.jspx,20190923,一份
50.0,201.0,5.4,11.8,7.1,0.0,18.2,2.2,350.0,艾曼達起司可頌,Starbucks,https://www.starbucks.com.tw/home/index.jspx,20190923,一份
70.0,206.0,6.4,4.3,1.8,0.0,35.3,8.3,242.0,雙果乾吐司,Starbucks,https://www.starbucks.com.tw/home/index.jspx,20190923,一份
210.0,417.0,13.0,24.6,22.7,0.0,35.9,1.5,483.0,炸魚青醬蝴蝶麵,Starbucks,https://www.starbucks.com.tw/home/index.jspx,20190923,一份
160.0,371.0,20.3,15.4,6.1,0.0,37.8,4.3,845.0,瑪格麗特風味薄餅,Starbucks,https://www.starbucks.com.tw/home/index.jspx,20190923,一份
85.0,264.0,4.8,16.1,6.8,0.0,25.1,15.6,102.0,香蕉巧克力棋盤蛋糕,Starbucks,https://www.starbucks.com.tw/home/index.jspx,20190923,一份
90.0,178.0,4.3,11.0,6.9,0.2,15.5,12.9,32.0,抹茶紅豆布丁,Starbucks,https://www.starbucks.com.tw/home/index.jspx,20190923,一份
100.0,323.0,24.1,9.7,2.5,0.0,34.8,29.7,589.0,炙燒豬肉條(蜜汁),Starbucks,https://www.starbucks.com.tw/home/index.jspx,20190923,一份
100.0,328.0,25.1,10.0,2.7,0.0,34.5,20.3,543.0,炙燒豬肉條(咖啡),Starbucks,https://www.starbucks.com.tw/home/index.jspx,20190923,一份
90.0,134.0,1.2,6.5,5.1,0.0,17.7,15.5,59.0,芒果布丁,Starbucks,https://www.starbucks.com.tw/home/index.jspx,20190923,一份
110.0,266.0,4.4,15.5,8.4,0.0,27.2,20.4,51.0,芒果戚風蛋糕,Starbucks,https://www.starbucks.com.tw/home/index.jspx,20190923,一份
105.0,348.0,5.0,24.8,15.2,0.4,26.1,18.0,42.0,厚抹茶千層薄餅,Starbucks,https://www.starbucks.com.tw/home/index.jspx,20190923,一份
40.0,130.0,2.6,2.8,1.6,0.0,23.6,14.1,17.0,可麗露,Starbucks,https://www.starbucks.com.tw/home/index.jspx,20190923,一份
85.0,305.0,5.5,18.9,8.8,0.1,28.2,18.3,42.0,咖啡巧克力松露蛋糕,Starbucks,https://www.starbucks.com.tw/home/index.jspx,20190923,一份
500.0,1170.0,20.0,73.5,45.0,0.0,107.0,81.0,190.0,6吋芒果戚風蛋糕,Starbucks,https://www.starbucks.com.tw/home/index.jspx,20190923,一份
750.0,2625.0,36.8,189.0,118.5,3.0,193.5,142.5,338.0,6吋厚抹茶千層薄餅,Starbucks,https://www.starbucks.com.tw/home/index.jspx,20190923,一份
315.0,980.0,17.9,59.5,25.2,0.0,92.9,57.6,38.0,4吋香蕉巧克力棋盤蛋糕,Starbucks,https://www.starbucks.com.tw/home/index.jspx,20190923,一份
410.0,1501.0,21.3,91.4,50.8,0.0,148.0,99.6,254.0,四吋咖啡巧克力松露蛋糕,Starbucks,https://www.starbucks.com.tw/home/index.jspx,20190923,一份
85.0,241.0,9.1,9.6,4.7,0.0,29.6,5.3,402.0,青醬馬茲瑞拉起司布里歐,Starbucks,https://www.starbucks.com.tw/home/index.jspx,20190923,一份
130.0,407.0,16.1,20.3,4.7,0.0,40.0,8.1,525.0,雙色肉鬆蛋三明治,Starbucks,https://www.starbucks.com.tw/home/index.jspx,20190923,一份
150.0,288.0,8.0,14.6,3.9,0.0,31.2,11.0,507.0,綜合三明治,Starbucks,https://www.starbucks.com.tw/home/index.jspx,20190923,一份
140.0,361.0,16.1,17.8,7.8,0.0,34.0,2.1,832.0,香辣火腿古巴風味三明治,Starbucks,https://www.starbucks.com.tw/home/index.jspx,20190923,一份
80.0,229.0,4.0,14.3,5.0,0.0,20.9,10.8,78.0,荔枝紅茶慕斯蛋糕,Starbucks,https://www.starbucks.com.tw/home/index.jspx,20190923,一份
75.0,259.0,4.3,11.7,6.2,0.0,34.0,17.4,22.0,檸檬塔,Starbucks,https://www.starbucks.com.tw/home/index.jspx,20190923,一份
80.0,192.0,5.5,12.7,7.8,0.0,13.9,10.6,101.0,經典輕乳蛋糕,Starbucks,https://www.starbucks.com.tw/home/index.jspx,20190923,一份
0.0,0.0,0.0,0.0,0.0,0.0,0.0,0.0,0.0,月光寶盒,Starbucks,https://www.starbucks.com.tw/home/index.jspx,20190923,一份
0.0,0.0,0.0,0.0,0.0,0.0,0.0,0.0,0.0,月光風華,Starbucks,https://www.starbucks.com.tw/home/index.jspx,20190923,一份
0.0,0.0,0.0,0.0,0.0,0.0,0.0,0.0,0.0,月光花園 ,Starbucks,https://www.starbucks.com.tw/home/index.jspx,20190923,一份
0.0,0.0,0.0,0.0,0.0,0.0,0.0,0.0,0.0,月光樂園,Starbucks,https://www.starbucks.com.tw/home/index.jspx,20190923,一份
0.0,0.0,0.0,0.0,0.0,0.0,0.0,0.0,0.0,夾心蛋糕禮盒,Starbucks,https://www.starbucks.com.tw/home/index.jspx,20190923,一份
0.0,0.0,0.0,0.0,0.0,0.0,0.0,0.0,0.0,月光小夜曲,Starbucks,https://www.starbucks.com.tw/home/index.jspx,20190923,一份
95.0,293.0,10.1,10.5,6.5,0.0,39.5,5.1,447.0,三起司軟法麵包,Starbucks,https://www.starbucks.com.tw/home/index.jspx,20190923,一份
100.0,227.0,10.1,10.0,1.8,0.0,24.2,0.4,408.0,火腿蛋三明治,Starbucks,https://www.starbucks.com.tw/home/index.jspx,20190923,一份
105.0,307.0,13.9,15.4,6.2,0.0,28.0,4.6,520.0,燻腸香料麵包,Starbucks,https://www.starbucks.com.tw/home/index.jspx,20190923,一份
190.0,460.0,15.6,18.2,8.4,0.0,58.3,7.6,1045.0,義式肉醬洋芋吐司,Starbucks,https://www.starbucks.com.tw/home/index.jspx,20190923,一份
260.0,420.0,48.4,21.8,8.1,0.0,7.5,0.0,832.0,烤雞腿粉紅醬斜管麵,Starbucks,https://www.starbucks.com.tw/home/index.jspx,20190923,一份
68.0,20.0,0.6,0.5,0.0,0.0,3.3,2.8,28.0,輕沙拉,Starbucks,https://www.starbucks.com.tw/home/index.jspx,20190923,一份
100.0,49.0,0.3,0.0,0.0,0.0,11.9,9.8,18.0,輕水果,Starbucks,https://www.starbucks.com.tw/home/index.jspx,20190923,一份
420.0,1170.0,20.0,11.0,4.0,0.0,248.0,0.0,290.0,長條咖啡蛋糕,Starbucks,https://www.starbucks.com.tw/home/index.jspx,20190923,一份
100.0,176.0,2.2,9.6,2.9,0.0,20.3,7.6,41.0,珍珠奶茶慕斯,Starbucks,https://www.starbucks.com.tw/home/index.jspx,20190923,一份
55.0,190.0,3.0,12.1,7.5,0.1,17.3,14.0,71.0,貓咪巧克力蛋糕,Starbucks,https://www.starbucks.com.tw/home/index.jspx,20190923,一份
115.0,377.0,4.8,25.5,17.5,0.6,32.1,18.0,133.0,南瓜起司蛋糕,Starbucks,https://www.starbucks.com.tw/home/index.jspx,20190923,一份
65.0,192.0,4.2,11.0,4.9,0.1,19.2,11.0,109.0,栗子戚風蛋糕,Starbucks,https://www.starbucks.com.tw/home/index.jspx,20190923,一份
12.0,41.4,3.3,1.8,0.8,0.0,3.0,2.5,149.0,星巴克牛肉條,Starbucks,https://www.starbucks.com.tw/home/index.jspx,20190923,一份
0.0,0.0,0.0,0.0,0.0,0.0,0.0,0.0,0.0,切達起司夾心薄餅,Starbucks,https://www.starbucks.com.tw/home/index.jspx,20190923,一份
100.0,326.0,2.1,1.2,0.2,0.0,76.7,63.0,5.3,雙果果乾,Starbucks,https://www.starbucks.com.tw/home/index.jspx,20190923,一份
0.0,0.0,0.0,0.0,0.0,0.0,0.0,0.0,0.0,楓糖綜合堅果,Starbucks,https://www.starbucks.com.tw/home/index.jspx,20190923,一份
50.0,186.0,0.1,0.2,0.1,0.0,44.4,31.7,60.0,貓咪軟糖零錢包,Starbucks,https://www.starbucks.com.tw/home/index.jspx,20190923,一份
70.0,205.0,3.0,14.4,10.0,0.1,15.9,12.4,94.0,柚子抹茶慕斯蛋糕,Starbucks,https://www.starbucks.com.tw/home/index.jspx,20190923,一份
630.0,1800.0,45.0,125.4,75.0,1.2,122.4,49.8,264.0,法式千層薄餅,Starbucks,https://www.starbucks.com.tw/home/index.jspx,20190923,一份
635.0,2034.0,33.0,142.0,75.0,0.0,156.0,0.0,1063.0,6吋經典乳酪蛋糕,Starbucks,https://www.starbucks.com.tw/home/index.jspx,20190923,一份
60.0,528.0,6.1,28.5,18.1,0.1,61.9,59.6,83.0,金幣巧克力,Starbucks,https://www.starbucks.com.tw/home/index.jspx,20190923,一份
50.0,222.0,2.2,9.5,6.0,0.0,31.9,23.1,4.0,檸檬條巧克力,Starbucks,https://www.starbucks.com.tw/home/index.jspx,20190923,一份
50.0,265.0,2.4,15.4,11.2,0.0,29.3,22.4,10.0,椰條巧克力,Starbucks,https://www.starbucks.com.tw/home/index.jspx,20190923,一份
100.0,421.0,3.5,13.7,8.1,0.0,70.8,47.6,9.0,黑醋栗巧克力,Starbucks,https://www.starbucks.com.tw/home/index.jspx,20190923,一份
67.0,395.0,0.1,0.2,0.1,0.0,98.3,61.9,3.0,星巴克檸檬糖,Starbucks,https://www.starbucks.com.tw/home/index.jspx,20190923,一份
100.0,401.0,12.0,4.8,3.3,0.0,77.5,56.6,146.0,星巴克牛奶糖 (糖果罐),Starbucks,https://www.starbucks.com.tw/home/index.jspx,20190923,一份
100.0,401.0,12.0,4.8,3.3,0.0,77.5,56.6,146.0,星巴克牛奶糖 (耶誕磁鐵盒),Starbucks,https://www.starbucks.com.tw/home/index.jspx,20190923,一份
100.0,401.0,12.0,4.8,3.3,0.0,77.5,56.6,146.0,星巴克牛奶糖 (經典磁鐵盒),Starbucks,https://www.starbucks.com.tw/home/index.jspx,20190923,一份
100.0,467.1,4.1,16.3,7.5,0.0,76.0,40.5,225.0,草莓風味威化捲心酥,Starbucks,https://www.starbucks.com.tw/home/index.jspx,20190923,一份
380.0,1364.0,24.7,84.4,39.1,0.4,126.2,81.7,186.0,咖啡巧克力松露蛋糕,Starbucks,https://www.starbucks.com.tw/home/index.jspx,20190923,一份
100.0,452.0,5.1,13.2,5.9,0.0,78.2,41.4,248.0,可可威化捲心酥,Starbucks,https://www.starbucks.com.tw/home/index.jspx,20190923,一份
85.0,402.0,5.5,14.4,9.9,0.2,62.6,29.8,208.0,星巴克經典薄餅,Starbucks,https://www.starbucks.com.tw/home/index.jspx,20190923,一份
22.5,402.0,0.3,1.0,0.9,0.0,97.7,0.0,0.0,星巴克葡萄柚風味糖,Starbucks,https://www.starbucks.com.tw/home/index.jspx,20190923,一份
92.5,399.0,0.2,0.0,0.0,0.0,99.6,69.2,4.0,耶誕抱枕水果糖,Starbucks,https://www.starbucks.com.tw/home/index.jspx,20190923,一份
110.0,363.0,4.1,1.4,0.0,0.0,83.4,45.4,15.0,小熊徽章掛曆軟糖,Starbucks,https://www.starbucks.com.tw/home/index.jspx,20190923,一份
140.0,489.0,8.3,31.2,13.3,0.1,43.7,30.1,195.0,巧克力鮮奶油蛋糕,Starbucks,https://www.starbucks.com.tw/home/index.jspx,20190923,一份
110.0,380.0,6.8,22.4,10.1,0.1,37.6,27.1,297.0,榛果樹幹蛋糕,Starbucks,https://www.starbucks.com.tw/home/index.jspx,20190923,一份
100.0,306.0,5.1,22.9,13.5,0.7,19.8,12.1,76.0,提拉米蘇千層薄餅,Starbucks,https://www.starbucks.com.tw/home/index.jspx,20190923,一份
85.0,298.0,4.3,22.1,12.4,0.4,20.4,12.8,157.0,起司藍莓蛋糕,Starbucks,https://www.starbucks.com.tw/home/index.jspx,20190923,一份
90.0,203.0,3.7,14.7,9.0,0.5,14.0,10.2,37.0,太妃焦糖布丁,Starbucks,https://www.starbucks.com.tw/home/index.jspx,20190923,一份
100.0,225.0,3.8,16.7,11.0,0.4,14.8,12.9,27.0,星巴克原味布丁禮盒,Starbucks,https://www.starbucks.com.tw/home/index.jspx,20190923,一份
90.0,435.0,6.3,28.3,13.7,0.3,39.0,24.5,133.0,布朗尼,Starbucks,https://www.starbucks.com.tw/home/index.jspx,20190923,一份
250.0,375.0,17.2,12.8,4.0,0.0,48.0,42.5,608.0,瑪莎蔓豬肉咖哩筆管麵,Starbucks,https://www.starbucks.com.tw/home/index.jspx,20190923,一份
120.0,252.0,11.2,6.2,1.2,0.0,37.7,3.1,650.0,燻火腿墨魚三明治,Starbucks,https://www.starbucks.com.tw/home/index.jspx,20190923,一份
130.0,321.0,12.6,15.0,2.3,0.0,34.0,1.3,638.0,菇菇蛋堡,Starbucks,https://www.starbucks.com.tw/home/index.jspx,20190923,一份
420.0,1340.0,26.0,37.4,24.4,0.0,224.3,111.3,802.0,耶誕麵包提袋組,Starbucks,https://www.starbucks.com.tw/home/index.jspx,20190923,一份
110.0,292.0,9.9,19.5,11.2,0.0,19.1,1.9,554.0,嫩雞菠菜鹹派,Starbucks,https://www.starbucks.com.tw/home/index.jspx,20190923,一份
270.0,406.0,21.9,17.0,4.7,0.0,41.3,2.2,567.0,時蔬烤雞青醬麵,Starbucks,https://www.starbucks.com.tw/home/index.jspx,20190923,一份
90.0,337.0,4.9,19.4,11.6,0.1,35.6,17.4,153.0,巧克力烤布蕾,Starbucks,https://www.starbucks.com.tw/home/index.jspx,20190923,一份
100.0,640.3,18.0,51.5,6.2,0.0,26.2,8.9,8.7,楓糖綜合堅果,Starbucks,https://www.starbucks.com.tw/home/index.jspx,20190923,一份
100.0,446.9,5.4,18.5,10.9,0.0,64.7,37.0,44.0,無花果牛奶巧克力,Starbucks,https://www.starbucks.com.tw/home/index.jspx,20190923,一份
100.0,474.3,5.9,24.3,13.4,0.0,58.0,36.0,95.0,焦糖牛奶巧克力,Starbucks,https://www.starbucks.com.tw/home/index.jspx,20190923,一份
105.0,528.0,6.1,28.5,18.1,0.1,61.9,59.6,83.0,金幣巧克力撲滿,Starbucks,https://www.starbucks.com.tw/home/index.jspx,20190923,一份
100.0,303.0,24.4,6.9,2.6,0.0,35.8,16.9,657.0,咖啡牛肉乾,Starbucks,https://www.starbucks.com.tw/home/index.jspx,20190923,一份
100.0,324.0,23.0,8.9,3.3,0.0,37.9,16.5,678.0,辣味牛肉乾,Starbucks,https://www.starbucks.com.tw/home/index.jspx,20190923,一份
430.0,291.0,0.3,0.2,0.0,0.0,72.1,68.8,3.2,星巴克蜜柚醬,Starbucks,https://www.starbucks.com.tw/home/index.jspx,20190923,一份
0.0,0.0,0.0,0.0,0.0,0.0,0.0,0.0,0.0,星巴克星願桶,Starbucks,https://www.starbucks.com.tw/home/index.jspx,20190923,一份
100.0,511.0,12.5,25.4,14.4,0.4,58.1,29.8,340.5,海苔肉鬆薄餅,Starbucks,https://www.starbucks.com.tw/home/index.jspx,20190923,一份
100.0,472.5,6.5,16.9,11.6,0.2,73.6,35.0,245.0,星巴克經典薄餅,Starbucks,https://www.starbucks.com.tw/home/index.jspx,20190923,一份
100.0,443.1,4.5,19.9,12.6,0.0,61.5,32.7,134.1,星巴克雙果酥,Starbucks,https://www.starbucks.com.tw/home/index.jspx,20190923,一份
432.0,473.5,6.5,24.6,7.4,0.0,56.4,0.0,126.7,法式薄餅禮盒,Starbucks,https://www.starbucks.com.tw/home/index.jspx,20190923,一份
200.0,376.0,16.8,17.0,5.2,0.0,39.0,9.2,660.0,晨光法式吐司組合,Starbucks,https://www.starbucks.com.tw/home/index.jspx,20190923,一份
48.0,167.0,4.6,6.1,4.1,0.0,23.4,1.8,281.0,海鹽奶油捲,Starbucks,https://www.starbucks.com.tw/home/index.jspx,20190923,一份
72.0,234.0,6.5,9.1,4.0,0.0,31.6,3.1,345.0,香甜吐司,Starbucks,https://www.starbucks.com.tw/home/index.jspx,20190923,一份
70.0,356.0,8.9,14.9,6.9,0.0,46.7,12.4,303.0,果乾核桃麵包,Starbucks,https://www.starbucks.com.tw/home/index.jspx,20190923,一份
100.0,523.0,7.6,25.9,15.5,0.8,64.9,28.2,164.0,精選咖啡蛋捲,Starbucks,https://www.starbucks.com.tw/home/index.jspx,20190923,一份
105.0,279.0,9.9,11.4,4.6,0.0,34.3,8.6,311.0,火腿炒蛋麵包,Starbucks,https://www.starbucks.com.tw/home/index.jspx,20190923,一份
150.0,291.0,15.0,11.4,5.2,0.0,32.1,7.4,1026.0,黑傑克雞肉薄餅,Starbucks,https://www.starbucks.com.tw/home/index.jspx,20190923,一份
280.0,302.0,8.7,7.8,1.4,0.0,49.3,8.7,552.0,溫野菜,Starbucks,https://www.starbucks.com.tw/home/index.jspx,20190923,一份
70.0,252.0,2.7,9.0,5.4,0.1,40.0,23.8,137.0,糖霜檸檬蛋糕,Starbucks,https://www.starbucks.com.tw/home/index.jspx,20190923,一份
110.0,432.0,8.7,16.0,10.3,0.4,63.3,30.9,375.0,葡萄乾司康,Starbucks,https://www.starbucks.com.tw/home/index.jspx,20190923,一份
90.0,197.0,3.4,13.8,8.6,0.3,14.8,12.2,22.0,草莓布丁,Starbucks,https://www.starbucks.com.tw/home/index.jspx,20190923,一份
75.0,212.0,5.0,12.8,5.3,0.1,19.4,12.5,69.0,奶蓋焦糖紅茶捲,Starbucks,https://www.starbucks.com.tw/home/index.jspx,20190923,一份
100.0,447.0,4.5,15.7,3.9,0.0,71.9,33.2,338.0,蜂蜜焦糖煎餅,Starbucks,https://www.starbucks.com.tw/home/index.jspx,20190923,一份
100.0,534.0,14.0,32.3,5.8,0.0,46.9,35.7,10.0,蔓越莓堅果棒,Starbucks,https://www.starbucks.com.tw/home/index.jspx,20190923,一份
100.0,523.0,7.6,25.9,15.5,0.8,64.9,28.2,164.0,週年蛋捲貨櫃禮盒,Starbucks,https://www.starbucks.com.tw/home/index.jspx,20190923,一份
100.0,294.0,7.1,4.3,1.4,0.0,56.8,34.0,54.0,星巴克蜂蜜蛋糕(2片裝),Starbucks,https://www.starbucks.com.tw/home/index.jspx,20190923,一份
100.0,461.0,5.0,21.7,14.3,0.6,61.5,30.1,147.0,Mini鳳梨酥(6顆裝),Starbucks,https://www.starbucks.com.tw/home/index.jspx,20190923,一份
120.0,384.0,4.8,0.0,0.0,0.0,91.2,0.0,15.6,水果軟糖(黑加崙風味),Starbucks,https://www.starbucks.com.tw/home/index.jspx,20190923,一份
74.0,31.0,0.4,0.8,0.0,0.0,5.5,4.9,129.0,輕沙拉,Starbucks,https://www.starbucks.com.tw/home/index.jspx,20190923,一份
179.0,151.0,2.3,9.5,1.6,0.0,14.1,8.6,424.0,時蔬沙拉,Starbucks,https://www.starbucks.com.tw/home/index.jspx,20190923,一份
75.0,189.0,6.9,7.0,2.4,0.0,24.7,2.6,431.0,和風炒菇薄餅,Starbucks,https://www.starbucks.com.tw/home/index.jspx,20190923,一份
120.0,408.0,4.7,0.0,0.0,0.0,97.4,0.0,38.4,水果軟糖(綜合水果風味),Starbucks,https://www.starbucks.com.tw/home/index.jspx,20190923,一份
145.0,426.0,13.5,25.5,14.0,0.1,35.7,4.0,610.0,菠菜蛋可頌堡,Starbucks,https://www.starbucks.com.tw/home/index.jspx,20190923,一份
135.0,428.0,10.5,17.8,11.3,0.7,56.3,16.2,556.0,芋見肉鬆帕里尼,Starbucks,https://www.starbucks.com.tw/home/index.jspx,20190923,一份
90.0,192.0,3.6,13.0,7.9,0.4,15.2,11.1,22.0,芋泥布丁,Starbucks,https://www.starbucks.com.tw/home/index.jspx,20190923,一份
38.0,212.0,5.6,13.1,2.8,0.0,17.7,7.4,12.0,綜合堅果塔,Starbucks,https://www.starbucks.com.tw/home/index.jspx,20190923,一份
90.0,192.0,4.1,8.5,5.5,0.0,24.8,17.6,112.0,玫瑰起司慕斯蛋糕,Starbucks,https://www.starbucks.com.tw/home/index.jspx,20190923,一份
90.0,261.0,4.6,14.6,10.0,0.1,27.9,22.1,85.0,夏日可爾必思蛋糕,Starbucks,https://www.starbucks.com.tw/home/index.jspx,20190923,一份
90.0,323.0,3.8,24.5,15.6,0.3,22.0,14.0,33.0,櫻桃黑森林薄餅,Starbucks,https://www.starbucks.com.tw/home/index.jspx,20190923,一份
110.0,358.0,4.5,28.0,16.5,0.7,22.0,12.8,46.0,可可伯爵薄餅,Starbucks,https://www.starbucks.com.tw/home/index.jspx,20190923,一份
100.0,481.0,3.9,19.3,13.8,0.0,72.8,31.5,512.0,咖啡焦糖爆米花,Starbucks,https://www.starbucks.com.tw/home/index.jspx,20190923,一份
100.0,594.0,4.9,41.2,36.2,0.0,51.0,18.4,451.0,酸奶洋蔥爆米花,Starbucks,https://www.starbucks.com.tw/home/index.jspx,20190923,一份
120.0,406.0,4.6,0.0,0.0,0.0,97.0,0.0,38.4,水果軟糖(蘋果風味),Starbucks,https://www.starbucks.com.tw/home/index.jspx,20190923,一份
110.0,396.0,3.6,0.0,0.0,0.0,95.4,0.0,55.0,星巴克棉花糖(哈密瓜風味),Starbucks,https://www.starbucks.com.tw/home/index.jspx,20190923,一份
110.0,396.0,3.6,0.0,0.0,0.0,95.4,0.0,55.0,星巴克棉花糖(草莓風味),Starbucks,https://www.starbucks.com.tw/home/index.jspx,20190923,一份
800.0,2872.0,33.6,217.6,138.4,2.4,195.2,124.0,296.0,櫻桃黑森林薄餅,Starbucks,https://www.starbucks.com.tw/home/index.jspx,20190923,一份
550.0,1168.0,20.4,59.4,34.6,0.0,138.0,109.0,602.0,6吋玫瑰起司慕斯蛋糕,Starbucks,https://www.starbucks.com.tw/home/index.jspx,20190923,一份
600.0,1741.0,30.6,97.2,66.6,0.6,186.0,147.0,564.0,6吋夏日可爾必思蛋糕,Starbucks,https://www.starbucks.com.tw/home/index.jspx,20190923,一份
580.0,2111.0,32.5,160.1,101.5,2.3,135.1,91.1,1433.0,6吋經典起司蛋糕,Starbucks,https://www.starbucks.com.tw/home/index.jspx,20190923,一份
500.0,1750.0,25.5,130.0,73.0,2.5,120.0,75.5,925.0,6吋起司藍莓蛋糕,Starbucks,https://www.starbucks.com.tw/home/index.jspx,20190923,一份
50.0,116.0,0.4,2.0,1.6,0.0,24.2,11.4,6.0,黃豆卡士達星蕨餅,Starbucks,https://www.starbucks.com.tw/home/index.jspx,20190923,一份
50.0,103.0,0.6,1.1,0.8,0.0,22.6,9.8,10.0,提拉米蘇星蕨餅,Starbucks,https://www.starbucks.com.tw/home/index.jspx,20190923,一份
45.0,240.0,4.5,18.0,11.3,0.0,10.8,0.0,4.5,星巴克手工咖啡糖,Starbucks,https://www.starbucks.com.tw/home/index.jspx,20190923,一份
100.0,523.0,7.6,25.9,25.5,0.8,64.9,28.2,164.0,原味芝麻蛋捲禮盒,Starbucks,https://www.starbucks.com.tw/home/index.jspx,20190923,一份
100.0,536.0,5.4,30.1,17.7,0.2,60.9,33.4,279.0,星巴克咖啡捲心酥,Starbucks,https://www.starbucks.com.tw/home/index.jspx,20190923,一份
105.0,259.0,10.5,9.6,4.7,0.1,32.7,2.0,629.0,煙燻牛肉三明治,Starbucks,https://www.starbucks.com.tw/home/index.jspx,20190923,一份
100.0,270.0,12.6,14.3,6.3,0.1,22.8,2.7,659.0,培根蛋英式麥芬,Starbucks,https://www.starbucks.com.tw/home/index.jspx,20190923,一份
200.0,226.0,13.8,7.0,3.2,0.0,27.0,7.6,546.0,綜合烤肉捲沙拉杯,Starbucks,https://www.starbucks.com.tw/home/index.jspx,20190923,一份
140.0,114.0,3.9,4.8,3.1,0.0,13.9,12.3,44.0,Mini藍莓優格,Starbucks,https://www.starbucks.com.tw/home/index.jspx,20190923,一份
105.0,390.0,7.9,30.1,14.9,0.6,21.9,7.7,90.0,芒果泡芙,Starbucks,https://www.starbucks.com.tw/home/index.jspx,20190923,一份
90.0,374.0,8.9,26.4,9.4,0.1,25.3,15.6,140.0,花生巧克力蛋糕,Starbucks,https://www.starbucks.com.tw/home/index.jspx,20190923,一份
49.0,183.0,2.5,8.7,4.1,0.1,23.6,15.0,33.0,百香果塔,Starbucks,https://www.starbucks.com.tw/home/index.jspx,20190923,一份
0.0,0.0,0.0,0.0,0.0,0.0,0.0,0.0,0.0,星巴克經典薄餅,Starbucks,https://www.starbucks.com.tw/home/index.jspx,20190923,一份
200.0,452.0,5.1,13.2,5.9,0.0,78.2,41.4,248.0,可可威化捲心酥,Starbucks,https://www.starbucks.com.tw/home/index.jspx,20190923,一份
210.0,1246.0,12.6,89.6,44.8,0.0,98.0,0.0,708.4,焦糖咖啡千層派禮盒,Starbucks,https://www.starbucks.com.tw/home/index.jspx,20190923,一份
500.0,2079.0,49.5,146.5,52.0,0.5,140.5,86.5,780.0,6吋花生巧克力蛋糕,Starbucks,https://www.starbucks.com.tw/home/index.jspx,20190923,一份
580.0,1894.0,30.7,149.1,85.8,2.9,107.3,48.1,290.0,6吋芒果泡芙,Starbucks,https://www.starbucks.com.tw/home/index.jspx,20190923,一份
0.0,0.0,0.0,0.0,0.0,0.0,0.0,0.0,0.0,咖啡啤酒肉條禮盒,Starbucks,https://www.starbucks.com.tw/home/index.jspx,20190923,一份
100.0,294.0,7.1,4.3,1.4,0.0,56.8,34.0,54.0,長條蜂蜜蛋糕,Starbucks,https://www.starbucks.com.tw/home/index.jspx,20190923,一份
450.0,1404.0,19.4,70.7,65.7,1.8,172.4,81.9,207.0,六吋檸檬塔,Starbucks,https://www.starbucks.com.tw/home/index.jspx,20190923,一份
120.0,346.0,13.9,12.8,4.7,0.0,43.6,1.8,697.0,艾曼達起司里肌三明治,Starbucks,https://www.starbucks.com.tw/home/index.jspx,20190923,一份
35.0,166.0,4.9,9.8,2.1,0.0,17.3,0.0,4.6,橙香腰果,Starbucks,https://www.starbucks.com.tw/home/index.jspx,20190923,一份
145.0,379.0,20.6,10.9,5.4,0.0,49.7,5.8,687.0,石窯手撕豬肉堡,Starbucks,https://www.starbucks.com.tw/home/index.jspx,20190923,一份
150.0,372.0,16.0,15.0,5.58,0.0,43.3,4.8,514.0,輕泰式豬肉帕里尼,Starbucks,https://www.starbucks.com.tw/home/index.jspx,20190923,一份
110.0,183.0,5.3,13.1,6.8,0.1,11.0,10.1,22.0,芝麻豆漿奶酪,Starbucks,https://www.starbucks.com.tw/home/index.jspx,20190923,一份
55.0,163.0,4.1,8.8,3.1,0.0,16.8,10.6,80.0,抹茶戚風蛋糕,Starbucks,https://www.starbucks.com.tw/home/index.jspx,20190923,一份
125.0,463.0,7.0,39.2,7.6,0.2,20.5,20.0,56.0,抹茶紅豆千層薄餅,Starbucks,https://www.starbucks.com.tw/home/index.jspx,20190923,一份
100.0,467.1,4.1,16.3,7.5,0.0,76.0,40.5,357.0,海鹽焦糖風味威化捲心酥,Starbucks,https://www.starbucks.com.tw/home/index.jspx,20190923,一份
100.0,357.0,28.7,10.4,4.0,0.0,37.1,30.8,653.0,炙燒豬肉條 (東方美人茶),Starbucks,https://www.starbucks.com.tw/home/index.jspx,20190923,一份
200.0,818.0,22.8,14.8,9.8,0.0,148.2,0.0,256.0,星巴克摩卡飲品粉,Starbucks,https://www.starbucks.com.tw/home/index.jspx,20190923,一份
100.0,500.0,7.7,23.2,17.2,0.1,65.1,38.6,132.5,法式薄餅禮盒,Starbucks,https://www.starbucks.com.tw/home/index.jspx,20190923,一份
100.0,511.0,12.5,25.4,14.4,0.4,58.1,29.8,340.5,海苔肉鬆薄餅禮盒,Starbucks,https://www.starbucks.com.tw/home/index.jspx,20190923,一份
100.0,551.2,17.2,33.6,10.7,0.0,45.0,26.4,248.0,摩卡杏仁肉鬆捲,Starbucks,https://www.starbucks.com.tw/home/index.jspx,20190923,一份
100.0,519.1,7.1,25.9,17.5,0.8,64.4,29.2,163.2,精選咖啡蛋捲禮盒,Starbucks,https://www.starbucks.com.tw/home/index.jspx,20190923,一份
150.0,590.0,2.6,0.3,0.1,0.3,144.2,0.0,180.0,星巴克玫瑰蜜香飲品粉,Starbucks,https://www.starbucks.com.tw/home/index.jspx,20190923,一份
0.0,0.0,0.0,0.0,0.0,0.0,0.0,0.0,0.0,精選綜合蛋捲,Starbucks,https://www.starbucks.com.tw/home/index.jspx,20190923,一份
100.0,633.0,11.9,49.7,19.5,0.1,34.4,14.4,70.0,摩卡杏仁捲,Starbucks,https://www.starbucks.com.tw/home/index.jspx,20190923,一份
0.0,0.0,0.0,0.0,0.0,0.0,0.0,0.0,0.0,月光寶盒,Starbucks,https://www.starbucks.com.tw/home/index.jspx,20190923,一份
0.0,0.0,0.0,0.0,0.0,0.0,0.0,0.0,0.0,月光風華,Starbucks,https://www.starbucks.com.tw/home/index.jspx,20190923,一份
0.0,0.0,0.0,0.0,0.0,0.0,0.0,0.0,0.0,月光奏鳴曲,Starbucks,https://www.starbucks.com.tw/home/index.jspx,20190923,一份
0.0,0.0,0.0,0.0,0.0,0.0,0.0,0.0,0.0,月光花園,Starbucks,https://www.starbucks.com.tw/home/index.jspx,20190923,一份
0.0,0.0,0.0,0.0,0.0,0.0,0.0,0.0,0.0,月光小夜曲,Starbucks,https://www.starbucks.com.tw/home/index.jspx,20190923,一份
0.0,0.0,0.0,0.0,0.0,0.0,0.0,0.0,0.0,月光樂園,Starbucks,https://www.starbucks.com.tw/home/index.jspx,20190923,一份
100.0,221.0,10.6,5.9,1.8,0.0,31.3,3.2,587.0,哈姆花生三明治,Starbucks,https://www.starbucks.com.tw/home/index.jspx,20190923,一份
100.0,340.0,3.9,0.0,0.0,0.0,81.2,0.0,32.0,耶誕糖果樹,Starbucks,https://www.starbucks.com.tw/home/index.jspx,20190923,一份
100.0,190.0,5.8,8.8,2.0,0.0,21.8,4.4,211.0,紅藜地瓜三明治,Starbucks,https://www.starbucks.com.tw/home/index.jspx,20190923,一份
72.0,407.0,8.9,22.4,11.4,4.0,42.7,13.4,235.0,法式丹麥吐司,Starbucks,https://www.starbucks.com.tw/home/index.jspx,20190923,一份
60.0,164.0,1.6,6.4,4.0,0.0,25.1,12.8,26.0,鬼精靈大福,Starbucks,https://www.starbucks.com.tw/home/index.jspx,20190923,一份
95.0,270.0,6.6,16.4,5.5,0.2,23.4,14.8,64.0,豆香胡麻天使蛋糕,Starbucks,https://www.starbucks.com.tw/home/index.jspx,20190923,一份
90.0,246.0,3.5,13.1,7.7,0.8,28.5,16.0,112.0,芋頭蒙布朗,Starbucks,https://www.starbucks.com.tw/home/index.jspx,20190923,一份
160.0,340.0,11.2,15.2,5.4,0.6,39.5,5.1,888.0,鮪魚乳酪番茄佛卡夏,Starbucks,https://www.starbucks.com.tw/home/index.jspx,20190923,一份
165.0,334.0,18.0,11.9,5.3,0.7,38.8,5.8,1157.0,粉紅火腿菠菜乳酪佛卡夏,Starbucks,https://www.starbucks.com.tw/home/index.jspx,20190923,一份
175.0,362.0,18.6,13.6,6.0,0.7,41.3,4.4,1166.0,義式雞肉佛卡夏,Starbucks,https://www.starbucks.com.tw/home/index.jspx,20190923,一份
69.0,276.0,2.7,17.4,12.4,0.0,27.3,13.0,168.0,白巧蜜糖芙樂奇,Starbucks,https://www.starbucks.com.tw/home/index.jspx,20190923,一份
69.0,256.0,2.4,16.0,9.4,0.0,25.6,11.0,147.0,草莓甜心芙樂奇,Starbucks,https://www.starbucks.com.tw/home/index.jspx,20190923,一份
56.0,241.0,1.7,7.3,2.3,0.0,41.7,0.0,43.7,法國鹹奶油焦糖軟糖,Starbucks,https://www.starbucks.com.tw/home/index.jspx,20190923,一份
100.0,363.0,4.1,1.4,0.0,0.0,83.4,45.4,15.0,開學小熊迎星桶,Starbucks,https://www.starbucks.com.tw/home/index.jspx,20190923,一份
100.0,528.0,6.1,28.5,18.1,0.1,61.9,59.6,83.0,粉紅萬聖撲滿 (金幣巧克力),Starbucks,https://www.starbucks.com.tw/home/index.jspx,20190923,一份
100.0,482.0,6.4,19.4,9.3,0.0,70.5,27.2,88.0,星巴克脆米星(咖啡焦糖風味),Starbucks,https://www.starbucks.com.tw/home/index.jspx,20190923,一份
80.0,449.0,3.2,14.9,9.3,0.0,75.6,53.1,18.0,櫻桃巧克力,Starbucks,https://www.starbucks.com.tw/home/index.jspx,20190923,一份
110.0,336.0,4.2,0.9,0.0,0.0,77.7,53.0,60.0,耶誕提袋禮,Starbucks,https://www.starbucks.com.tw/home/index.jspx,20190923,一份
17.0,92.0,0.9,5.4,3.4,0.0,9.7,0.0,19.4,耶誕月曆巧克力,Starbucks,https://www.starbucks.com.tw/home/index.jspx,20190923,一份
54.0,294.0,2.7,17.1,10.5,0.0,32.4,0.0,5.4,咖啡杯手工餅乾,Starbucks,https://www.starbucks.com.tw/home/index.jspx,20190923,一份
100.0,534.0,6.7,29.3,18.5,0.0,61.0,43.7,11.0,咖啡豆巧克力,Starbucks,https://www.starbucks.com.tw/home/index.jspx,20190923,一份
135.0,617.0,4.7,28.4,16.2,0.0,85.1,0.0,810.0,比利時焦糖煎餅,Starbucks,https://www.starbucks.com.tw/home/index.jspx,20190923,一份
42.0,217.0,2.8,11.6,6.9,0.0,25.7,0.0,48.3,金幣巧克力零錢包,Starbucks,https://www.starbucks.com.tw/home/index.jspx,20190923,一份
36.0,198.0,2.4,12.3,11.7,0.0,19.8,0.0,21.0,巧克力捲心棒,Starbucks,https://www.starbucks.com.tw/home/index.jspx,20190923,一份
